ScientificName,Kingdom,Phylum,Class,Order,Family,Genus,Species,EarliestRecord,LatestRecord,CountryCodes
Cannabis sativa L.,Plantae,Tracheophyta,Magnoliopsida,Rosales,Cannabaceae,Cannabis,Cannabis sativa,1600,2022,"SY, SN, LU, GA, PA, FI, BR, LV, KG, RS, NG, UZ, LI, CD, BG, GF, SI, KE, BF, BI, CA, NP, ID, CI, BL, MW, BY, BE, CY, TR, CM, VE, RU, AO, HT, AT, IE, CO, ST, TZ, TT, NZ, LT, PH, SD, KZ, AL, ZZ, TJ, JP, EG, CL, VG, AZ, PL, HU, GR, MN, CR, MY, PG, GH, VU, GB, IT, AM, JM, NO, IL, HN, PE, UA, US, BT, AF, MU, DE, SE, BJ, GL, ES, ZA, MD, KP, JE, AU, AR, DZ, EE, CV, IS, SL, LA, LK, SV, PK, IR, MM, SK, RO, CZ, LS, HR, MG, KH, GT, FR, PT, CH, IN, RE, KR, CN, NL, LY, ET, BO, TH, BD, GQ, PY, VN, ER, GE, MZ, CG, LB, YT, TW, NC, PR, MX, MA, DK, NA"
Celtis berteroana Urb.,Plantae,Tracheophyta,Magnoliopsida,Rosales,Cannabaceae,Celtis,Celtis berteroana,1923,1982,CU
Celtis occidentalis var. cordata (Pers.) Willd.,Plantae,Tracheophyta,Magnoliopsida,Rosales,Cannabaceae,Celtis,Celtis occidentalis,1925,2008,"ZZ, NO, NL"
Chaetachme aristata Planch.,Plantae,Tracheophyta,Magnoliopsida,Rosales,Cannabaceae,Chaetachme,Chaetachme aristata,1837,2022,"BF, MG, ZA, NG, ZM, US, SZ, BJ, ZZ, GQ, CG, AO, UG, CD, CF, GH, SD, CM, RW, MZ, KE, CI, TZ, ZW"
Sponia nudiflora Siebold & Zucc.,Plantae,Tracheophyta,Magnoliopsida,Rosales,Cannabaceae,Aphananthe,Aphananthe aspera,,,JP
"Celtis reticulata Boorsma, 1907",Plantae,Tracheophyta,Magnoliopsida,Rosales,Cannabaceae,Celtis,Celtis reticulata,1850,2022,"US, MX"
Celtis rigescens (Miq.) Planch.,Plantae,Tracheophyta,Magnoliopsida,Rosales,Cannabaceae,Celtis,Celtis rigescens,1895,2013,"ZZ, MY, ID, PH, PG, SB"
Celtis helleri Small,Plantae,Tracheophyta,Magnoliopsida,Rosales,Cannabaceae,Celtis,Celtis lindheimeri,1873,1932,US
Gironniera parvifolia Planch.,Plantae,Tracheophyta,Magnoliopsida,Rosales,Cannabaceae,Gironniera,Gironniera parvifolia,1854,2016,"TH, MY, SG, ID, LK, ZZ, BN"
Celtis macrophylla Kunth,Plantae,Tracheophyta,Magnoliopsida,Rosales,Cannabaceae,Trema,Trema micrantha,,,VE
Celtis taiyuanensis E.W.Ma,Plantae,Tracheophyta,Magnoliopsida,Rosales,Cannabaceae,Celtis,Celtis cerasifera,1929,1961,CN
Trema orientalis var. amboinensis (Blume) Lauterb.,Plantae,Tracheophyta,Magnoliopsida,Rosales,Cannabaceae,Trema,Trema cannabina,1933,1981,"MP, IN, PW"
Celtis selloviana Miq.,Plantae,Tracheophyta,Magnoliopsida,Rosales,Cannabaceae,Celtis,Celtis ehrenbergiana,1942,1998,"BR, NL"
Trema integrifolia Baill.,Plantae,Tracheophyta,Magnoliopsida,Rosales,Cannabaceae,Celtis,Celtis gomphophylla,1993,1993,EC
Trema canescens (Kunth) Blume,Plantae,Tracheophyta,Magnoliopsida,Rosales,Cannabaceae,Trema,Trema micrantha,1903,1946,"MX, GT, NI, PA, CR"
Celtis conferta Planch.,Plantae,Tracheophyta,Magnoliopsida,Rosales,Cannabaceae,Celtis,Celtis conferta,1861,2019,"TO, ZZ, NC"
Gironniera celtidifolia Gaudich.,Plantae,Tracheophyta,Magnoliopsida,Rosales,Cannabaceae,Gironniera,Gironniera celtidifolia,1841,2016,"ID, PH, WS, ZZ, SB, NZ, PW, US, PG, FM, MY, FJ, TW"
Celtis spinosa Spreng.,Plantae,Tracheophyta,Magnoliopsida,Rosales,Cannabaceae,Celtis,Celtis spinosa,1833,2021,"UY, AR, PY, BR, MX, ZZ, US, BO"
Mirandaceltis Sharp,Plantae,Tracheophyta,Magnoliopsida,Rosales,Cannabaceae,Aphananthe,,1973,2001,"MX, HN"
Celtis occidentalis f. pumila (Pursh) F.Seym.,Plantae,Tracheophyta,Magnoliopsida,Rosales,Cannabaceae,Celtis,Celtis occidentalis,1904,1921,US
"Canabis Roth, 1788",Plantae,Tracheophyta,Magnoliopsida,Rosales,Cannabaceae,Canabis,,,,BR
Pteroceltis tatarinowii var. pubescens Hand.-Mazz.,Plantae,Tracheophyta,Magnoliopsida,Rosales,Cannabaceae,Pteroceltis,Pteroceltis tatarinowii,1930,1930,CN
Celtis glomerata Hochst.,Plantae,Tracheophyta,Magnoliopsida,Rosales,Cannabaceae,Trema,Trema orientalis,1839,1839,ZA
Gironniera nitida Benth.,Plantae,Tracheophyta,Magnoliopsida,Rosales,Cannabaceae,Aphananthe,Aphananthe cuspidata,1906,1973,"CN, NC"
Sponia timorensis (Blume) Kurz,Plantae,Tracheophyta,Magnoliopsida,Rosales,Cannabaceae,Trema,Trema cannabina,,,TL
Humulus lupulus var. lupulus,Plantae,Tracheophyta,Magnoliopsida,Rosales,Cannabaceae,Humulus,Humulus lupulus,1892,2021,"AM, DE, CA, RS, GE, RU, JP, AL, NZ, US, ZZ, PL"
Celtis aristata E.Mey. ex Planch.,Plantae,Tracheophyta,Magnoliopsida,Rosales,Cannabaceae,Chaetachme,Chaetachme aristata,,,ZA
Celtis tala f. subtomentosa Kuntze,Plantae,Tracheophyta,Magnoliopsida,Rosales,Cannabaceae,Celtis,Celtis ehrenbergiana,1873,1991,"AR, US"
Trema cubensis Urb.,Plantae,Tracheophyta,Magnoliopsida,Rosales,Cannabaceae,Trema,Trema cubensis,1918,1988,"CU, JM, DO"
Sponia micrantha (L.) Decne.,Plantae,Tracheophyta,Magnoliopsida,Rosales,Cannabaceae,Trema,Trema micrantha,1850,1941,"GY, MQ, EC, SR, BR, VI, GF"
Trema lima (Sw.) Blume,Plantae,Tracheophyta,Magnoliopsida,Rosales,Cannabaceae,Trema,Trema micrantha,1838,1953,"DO, JM, BS, BR, PY, SR, BQ, MS, ZZ, CU, BO, GF, EC"
Mertensia zizyphoides Kunth,Plantae,Tracheophyta,Magnoliopsida,Rosales,Cannabaceae,Celtis,Celtis iguanaea,1801,1801,CO
Celtis burmannii Planch.,Plantae,Tracheophyta,Magnoliopsida,Rosales,Cannabaceae,Celtis,Celtis africana,,,ZA
Taxotrophis rectinervis F.Muell.,Plantae,Tracheophyta,Magnoliopsida,Rosales,Cannabaceae,Aphananthe,Aphananthe philippinensis,,,AU
Celtis tournefortii var. glabrata (Stev. ex Planch.) Boiss.,Plantae,Tracheophyta,Magnoliopsida,Rosales,Cannabaceae,Celtis,Celtis planchoniana,1947,2021,"RU, IQ, TR, AM"
Celtis yangquanensis E.W.Ma,Plantae,Tracheophyta,Magnoliopsida,Rosales,Cannabaceae,Celtis,Celtis bungeana,1934,1938,CN
Celtis riparia Kunth,Plantae,Tracheophyta,Magnoliopsida,Rosales,Cannabaceae,Trema,Trema micrantha,,,"MX, CO"
Lozanella Greenm.,Plantae,Tracheophyta,Magnoliopsida,Rosales,Cannabaceae,Lozanella,,1954,2014,"CR, VE, PE, GT, CO, EC, BO, MX"
Sponia hochstetteri Planch.,Plantae,Tracheophyta,Magnoliopsida,Rosales,Cannabaceae,Trema,Trema orientale,,,ET
Ampelocera macphersonii Todzia,Plantae,Tracheophyta,Magnoliopsida,Rosales,Cannabaceae,Ampelocera,Ampelocera macphersonii,1966,2019,"VE, PA, EC, CR, PE, CO"
Sponia orientalis Blume ex Planch.,Plantae,Tracheophyta,Magnoliopsida,Rosales,Cannabaceae,Trema,Trema cannabina,,,ZZ
Celtis mollis Planch.,Plantae,Tracheophyta,Magnoliopsida,Rosales,Cannabaceae,Celtis,Celtis tetrandra,1826,1826,IN
Lupulus humulus Mill.,Plantae,Tracheophyta,Magnoliopsida,Rosales,Cannabaceae,Humulus,Humulus lupulus,1993,2010,FR
Celtis smallii Beadle,Plantae,Tracheophyta,Magnoliopsida,Rosales,Cannabaceae,Celtis,Celtis tenuifolia,1850,2020,US
Gironniera mollissima Gagnep.,Plantae,Tracheophyta,Magnoliopsida,Rosales,Cannabaceae,Gironniera,Gironniera subaequalis,1920,1967,VN
Celtis occidentalis var. georgiana (Small) H.E.Ahles,Plantae,Tracheophyta,Magnoliopsida,Rosales,Cannabaceae,Celtis,Celtis tenuifolia,1893,2000,US
Cannabis sativa var. indica (Lam.) Persoon,Plantae,Tracheophyta,Magnoliopsida,Rosales,Cannabaceae,Cannabis,Cannabis sativa,,,"JP, ZZ"
Aphananthe aspera var. aspera,Plantae,Tracheophyta,Magnoliopsida,Rosales,Cannabaceae,Aphananthe,Aphananthe aspera,1979,1979,US
Celtis tala Gillies,Plantae,Tracheophyta,Magnoliopsida,Rosales,Cannabaceae,Celtis,Celtis ehrenbergiana,1981,2004,"US, BR, BO, AR"
Aphananthe cuspidata (Blume) Planch.,Plantae,Tracheophyta,Magnoliopsida,Rosales,Cannabaceae,Aphananthe,Aphananthe cuspidata,1876,2012,"ZZ, ID, LK, CN, TH, HK, ET, MM, MY, VN, IN, NP, BT, PH"
Gironniera scabrida (Thwaites) Alston,Plantae,Tracheophyta,Magnoliopsida,Rosales,Cannabaceae,Gironniera,Gironniera parvifolia,1976,1977,LK
Celtis muku Siebold,Plantae,Tracheophyta,Magnoliopsida,Rosales,Cannabaceae,Aphananthe,Aphananthe aspera,,,
Trema micrantha var. obtusatum Urb.,Plantae,Tracheophyta,Magnoliopsida,Rosales,Cannabaceae,Trema,Trema micrantha,1886,2011,"PR, GF"
Trema humbertii Leroy,Plantae,Tracheophyta,Magnoliopsida,Rosales,Cannabaceae,Trema,Trema humbertii,1933,1994,MG
Solenostigma rigescens Miq.,Plantae,Tracheophyta,Magnoliopsida,Rosales,Cannabaceae,Celtis,Celtis rigescens,,,ID
Trema sampsonii (Hance) Merr. & Chun,Plantae,Tracheophyta,Magnoliopsida,Rosales,Cannabaceae,Trema,Trema angustifolia,1928,1936,"CN, ZZ"
Celtis yunnanensis C.K.Schneid.,Plantae,Tracheophyta,Magnoliopsida,Rosales,Cannabaceae,Celtis,Celtis tetrandra,1932,2018,"US, CN, RU"
Celtis willdenowiana Roem. & Schult.,Plantae,Tracheophyta,Magnoliopsida,Rosales,Cannabaceae,Celtis,Celtis sinensis,,,JP
Celtis prantlii Priemer,Plantae,Tracheophyta,Magnoliopsida,Rosales,Cannabaceae,Celtis,Celtis philippensis,2014,2014,"CI, BJ, GH"
"Celtis roxburghii Voigt, 1845",Plantae,Tracheophyta,Magnoliopsida,Rosales,Cannabaceae,Celtis,Celtis roxburghii,1851,1851,IN
Celtis laevigata var. reticulata (Torr.) L.D.Benson,Plantae,Tracheophyta,Magnoliopsida,Rosales,Cannabaceae,Celtis,Celtis laevigata,1880,2012,"GB, US, ZZ, MX"
Celtis laevigata var. anomala Sarg.,Plantae,Tracheophyta,Magnoliopsida,Rosales,Cannabaceae,Celtis,Celtis laevigata,1918,1918,US
Celtis berlandieri Klotzsch,Plantae,Tracheophyta,Magnoliopsida,Rosales,Cannabaceae,Celtis,Celtis iguanaea,1831,1947,"MX, US"
Celtis ferruginea Planch.,Plantae,Tracheophyta,Magnoliopsida,Rosales,Cannabaceae,Celtis,Celtis brasiliensis,,,BR
Celtis lima Sw.,Plantae,Tracheophyta,Magnoliopsida,Rosales,Cannabaceae,Trema,Trema micrantha,,,
Celtis lindheimeri Engelm. ex K.Koch,Plantae,Tracheophyta,Magnoliopsida,Rosales,Cannabaceae,Celtis,Celtis lindheimeri,1891,2017,US
Trema tomentosa var. viridis (Planch.) Hewson,Plantae,Tracheophyta,Magnoliopsida,Rosales,Cannabaceae,Trema,Trema tomentosa,1988,2021,AU
Celtis wightii Planch.,Plantae,Tracheophyta,Magnoliopsida,Rosales,Cannabaceae,Celtis,Celtis philippensis,1858,2011,"AO, IN, ST, GH, ZZ, TZ, MY, GQ, ID, UG, CN, LK, NG, CI, SB"
Celtis clausseniana (Wedd.) Miq.,Plantae,Tracheophyta,Magnoliopsida,Rosales,Cannabaceae,Celtis,Celtis brasiliensis,1994,1994,BR
Aphananthe aspera (Thunb.) Planch.,Plantae,Tracheophyta,Magnoliopsida,Rosales,Cannabaceae,Aphananthe,Aphananthe aspera,1827,2022,"KR, ZZ, BE, NL, RU, CN, TW, AU, JP, US, ES"
Gironniera retinervia Merr. & Perry,Plantae,Tracheophyta,Magnoliopsida,Rosales,Cannabaceae,Gironniera,Gironniera celtidifolia,1930,1932,"PG, SB"
"Chaetacme microcarpa Rendle, 1916",Plantae,Tracheophyta,Magnoliopsida,Rosales,Cannabaceae,Chaetacme,Chaetacme microcarpa,,,
"Cannabis sativa var. afghanica Vavilov, 2020",Plantae,Tracheophyta,Magnoliopsida,Rosales,Cannabaceae,Cannabis,Cannabis sativa,1924,1971,AF
Sponia grisea Liebm.,Plantae,Tracheophyta,Magnoliopsida,Rosales,Cannabaceae,Trema,Trema micrantha,,,MX
Celtis hottlei Standl.,Plantae,Tracheophyta,Magnoliopsida,Rosales,Cannabaceae,Ampelocera,Ampelocera hottlei,1929,1934,"CO, GT, HN, BZ"
Sponia canescens (Kunth) Decne.,Plantae,Tracheophyta,Magnoliopsida,Rosales,Cannabaceae,Trema,Trema micrantha,,,MX
Mertensia pubescens Kunth,Plantae,Tracheophyta,Magnoliopsida,Rosales,Cannabaceae,Celtis,Celtis iguanaea,,,EC
Celtis gomphophylla Baker,Plantae,Tracheophyta,Magnoliopsida,Rosales,Cannabaceae,Celtis,Celtis gomphophylla,1841,2021,"RW, GQ, MG, TG, KM, MZ, ET, TZ, ST, ZA, KE, CI, SD, BI, GA, ZW, CD, BJ, YT, CF, UG, CM, AO, MW"
Celtis micrantha (L.) Sw.,Plantae,Tracheophyta,Magnoliopsida,Rosales,Cannabaceae,Trema,Trema micrantha,1847,1980,"MX, SR, CO, JM, BR, PR"
Cannabaceae,Plantae,Tracheophyta,Magnoliopsida,Rosales,Cannabaceae,,,1839,2022,"BR, AR, ID, CN, PG, IN, GB, US, ES, PE, JP, TW, ZA, VN, PF, DK, NL, MG, AO"
Trema eurhyncha (Miq.) Byng & Christenh.,Plantae,Tracheophyta,Magnoliopsida,Rosales,Cannabaceae,Trema,Trema rugosa,1996,1996,PG
Humulus scandens (Lour.) Merr.,Plantae,Tracheophyta,Magnoliopsida,Rosales,Cannabaceae,Humulus,Humulus scandens,1862,2022,"VN, HU, UA, NO, CN, CL, NL, ZZ, GB, TW, DE, KP, AR, KR, CA, EE, BE, BR, IT, US, JP, TH, RU, ES"
Trema lamarckiana (Roem. & Schult.) Blume,Plantae,Tracheophyta,Magnoliopsida,Rosales,Cannabaceae,Trema,Trema lamarckiana,1827,2016,"US, BM, HT, BR, GP, ZZ, JM, TC, CU, MS, BS, PR, AI, PA, DO, AF, DM, KY, BQ, MQ"
Trema politoria (Wall. ex Planch.) Blume,Plantae,Tracheophyta,Magnoliopsida,Rosales,Cannabaceae,Trema,Trema politoria,1821,2014,"NP, BT, IN, CN, VN, PK"
Celtis strychnoides Planch.,Plantae,Tracheophyta,Magnoliopsida,Rosales,Cannabaceae,Celtis,Celtis philippensis,1820,2020,AU
Momisia chichape Wedd.,Plantae,Tracheophyta,Magnoliopsida,Rosales,Cannabaceae,Celtis,Celtis chicape,1845,1845,BO
Celtis pubescens S.Y.Wang & C.L.Chang,Plantae,Tracheophyta,Magnoliopsida,Rosales,Cannabaceae,Celtis,Celtis pubescens,1980,2015,"CO, AR, BR"
Celtis liukiuensis Nakai,Plantae,Tracheophyta,Magnoliopsida,Rosales,Cannabaceae,Celtis,Celtis boninensis,1917,1924,"JP, TW"
Lozanella permollis Killip & Morton,Plantae,Tracheophyta,Magnoliopsida,Rosales,Cannabaceae,Lozanella,Lozanella permollis,1900,2009,"PE, BO, EC, CO"
Aphananthe philippinensis Planch.,Plantae,Tracheophyta,Magnoliopsida,Rosales,Cannabaceae,Aphananthe,Aphananthe philippinensis,1770,2022,"ZZ, PH, SB, PG, AU"
Celtis pumila var. georgiana (Small) Sarg.,Plantae,Tracheophyta,Magnoliopsida,Rosales,Cannabaceae,Celtis,Celtis tenuifolia,1914,1914,US
Trema levigata Hand.-Mazz.,Plantae,Tracheophyta,Magnoliopsida,Rosales,Cannabaceae,Trema,Trema levigata,1885,2010,"CN, NL"
Trema micrantha var. micrantha,Plantae,Tracheophyta,Magnoliopsida,Rosales,Cannabaceae,Trema,Trema micrantha,1923,2021,"PA, NI, SV, GT, HN, CR, CO, US, BZ, MX"
Celtis williamsii Rusby,Plantae,Tracheophyta,Magnoliopsida,Rosales,Cannabaceae,Celtis,Celtis iguanaea,1901,1901,BO
Celtis audibertiana Spach,Plantae,Tracheophyta,Magnoliopsida,Rosales,Cannabaceae,Celtis,Celtis occidentalis,,,
Trema rufescens (Banks) Blume,Plantae,Tracheophyta,Magnoliopsida,Rosales,Cannabaceae,Trema,Trema micrantha,1822,1901,"CO, DO, HT"
Celtis spinosa var. weddelliana (Planch.) Baehni,Plantae,Tracheophyta,Magnoliopsida,Rosales,Cannabaceae,Celtis,Celtis ehrenbergiana,1833,1970,"BR, UY, AR"
Celtis laevigata var. texana Sarg.,Plantae,Tracheophyta,Magnoliopsida,Rosales,Cannabaceae,Celtis,Celtis laevigata,1846,2017,"MX, US"
Trema vieillardi Schltr.,Plantae,Tracheophyta,Magnoliopsida,Rosales,Cannabaceae,Trema,Trema cannabina,1847,1977,"PG, NC, VU"
Celtis cinnamomea Lindl. ex Planch.,Plantae,Tracheophyta,Magnoliopsida,Rosales,Cannabaceae,Celtis,Celtis timorensis,1890,2000,"IN, ID, SG, CN, MM, VN, TH, ZZ"
Celtis mildbraedii Engl.,Plantae,Tracheophyta,Magnoliopsida,Rosales,Cannabaceae,Celtis,Celtis mildbraedii,1889,2021,"ZA, GN, UG, ET, TZ, GA, ST, MG, ZW, CM, CD, BJ, ZZ, CG, KM, SZ, CI, CF, GH, LR, YT, TG, NG, MZ, AO, KE"
Trema carinata Blume,Plantae,Tracheophyta,Magnoliopsida,Rosales,Cannabaceae,Trema,Trema cannabina,1851,1851,BR
"Trema cannabina var. glabrescens (Planch.) de Wit, 1949",Plantae,Tracheophyta,Magnoliopsida,Rosales,Cannabaceae,Trema,Trema cannabina,1903,1985,"BN, MY, SG, FM"
Celtis leveillei var. holophylla Nakai,Plantae,Tracheophyta,Magnoliopsida,Rosales,Cannabaceae,Celtis,Celtis biondii,1900,1955,"CN, JP"
Trema cannabina var. scabra (Blume) DeWit,Plantae,Tracheophyta,Magnoliopsida,Rosales,Cannabaceae,Trema,Trema cannabina,1933,1996,"FM, PW"
Celtis morifolia Planch.,Plantae,Tracheophyta,Magnoliopsida,Rosales,Cannabaceae,Celtis,Celtis iguanaea,1885,1993,"BR, BO"
Celtis bonplandiana Planch.,Plantae,Tracheophyta,Magnoliopsida,Rosales,Cannabaceae,Celtis,Celtis ehrenbergiana,1905,1905,"AR, BR"
Celtis cerasifera C.K.Schneid.,Plantae,Tracheophyta,Magnoliopsida,Rosales,Cannabaceae,Celtis,Celtis cerasifera,1880,2006,"ZZ, MM, CN, US"
Celtis philippensis var. consimilis J.-F.Leroy,Plantae,Tracheophyta,Magnoliopsida,Rosales,Cannabaceae,Celtis,Celtis philippensis,1932,1980,CN
Celtis cordata Pers.,Plantae,Tracheophyta,Magnoliopsida,Rosales,Cannabaceae,Celtis,Celtis occidentalis,,,JP
Celtis cordifolia Nakai,Plantae,Tracheophyta,Magnoliopsida,Rosales,Cannabaceae,Celtis,Celtis jessoensis,1964,2013,KR
Trema rigida Blume,Plantae,Tracheophyta,Magnoliopsida,Rosales,Cannabaceae,Trema,Trema orientalis,,,MY
Cannabis gigantea Crevost,Plantae,Tracheophyta,Magnoliopsida,Rosales,Cannabaceae,Cannabis,Cannabis sativa,1866,1908,"VN, CZ"
Trema morifolia Blume,Plantae,Tracheophyta,Magnoliopsida,Rosales,Cannabaceae,Trema,Trema cannabina,1915,1915,PH
Celtis mollis Humb. & Bonpl. ex Willd.,Plantae,Tracheophyta,Magnoliopsida,Rosales,Cannabaceae,Trema,Trema micrantha,1799,1799,VE
Celtis lancifolia (Wedd.) Miq.,Plantae,Tracheophyta,Magnoliopsida,Rosales,Cannabaceae,Celtis,Celtis ehrenbergiana,1950,2011,"PY, BR"
Celtis sumatrana (Miq.) Planch.,Plantae,Tracheophyta,Magnoliopsida,Rosales,Cannabaceae,Celtis,Celtis rigescens,,,ID
Celtis kraussiana Bernh.,Plantae,Tracheophyta,Magnoliopsida,Rosales,Cannabaceae,Celtis,Celtis africana,1821,1962,"CD, ZZ, AO, ET, ZA, ER, UG, KE, US"
Gironniera subaequalis var. brevistylis Blume,Plantae,Tracheophyta,Magnoliopsida,Rosales,Cannabaceae,Gironniera,Gironniera subaequalis,,,ID
Celtis L.,Plantae,Tracheophyta,Magnoliopsida,Rosales,Cannabaceae,Celtis,,1797,2022,"AF, GY, NC, ZZ, AU, RE, KM, GT, BG, UA, GN, CI, LK, CH, TO, VI, NF, IT, JP, HR, GQ, NL, CA, AM, CU, SA, UY, AR, YT, PL, FJ, PT, BR, GA, EC, SO, PW, ES, CR, TG, HT, ST, TT, PE, NG, VN, CD, PF, MA, GH, AT, NP, PY, KE, AZ, ZW, CF, AO, KR, PK, TR, MZ, GE, NE, UG, EG, CL, RO, ZA, CM, DZ, VE, SB, RU, HU, CN, PG, GR, DO, SN, MY, IQ, ID, MM, VU, ET, BO, FR, CO, MX, IN, PA, MW, MG, PH, IR, TH, NI, CZ, SY, JM, HK, US, EH, TW, ML, TZ, DE, HN, BJ, FM, SV, GF, CK, LA, SR, BE"
Celtis tenuifolia Nutt.,Plantae,Tracheophyta,Magnoliopsida,Rosales,Cannabaceae,Celtis,Celtis tenuifolia,1825,2022,"US, BO, BE, CA, ES, NL, AR"
Cannabis sativa var. himalayensis Cazzuola,Plantae,Tracheophyta,Magnoliopsida,Rosales,Cannabaceae,Cannabis,Cannabis sativa,1847,1872,"IN, BE"
Celtis asperifolia Merr.,Plantae,Tracheophyta,Magnoliopsida,Rosales,Cannabaceae,Celtis,Celtis rigescens,1919,1919,PH
Gironniera amboinensis Lauterb.,Plantae,Tracheophyta,Magnoliopsida,Rosales,Cannabaceae,Gironniera,Gironniera subaequalis,1913,1913,ID
Ampelocera hondurensis Donn.Sm.,Plantae,Tracheophyta,Magnoliopsida,Rosales,Cannabaceae,Ampelocera,Ampelocera hondurensis,,,HN
Celtis hildebrandii Soepadmo,Plantae,Tracheophyta,Magnoliopsida,Rosales,Cannabaceae,Celtis,Celtis hildebrandii,1930,2008,"ID, AU, PG, SB"
Aphananthe aspera var. pubescens C.J.Chen,Plantae,Tracheophyta,Magnoliopsida,Rosales,Cannabaceae,Aphananthe,Aphananthe aspera,1926,1963,CN
"Celtis serratissima Zamengo, R.B.Torres, Gaglioti & Romaniuc",Plantae,Tracheophyta,Magnoliopsida,Rosales,Cannabaceae,Celtis,Celtis serratissima,1914,2021,"BO, BR"
Celtis hilariana Planch.,Plantae,Tracheophyta,Magnoliopsida,Rosales,Cannabaceae,Celtis,Celtis iguanaea,,,BR
Celtis harperi Horne ex Baker,Plantae,Tracheophyta,Magnoliopsida,Rosales,Cannabaceae,Celtis,Celtis harperi,1934,2013,"WF, AS, FJ, TO, NU"
Trema sativa L.,Plantae,Tracheophyta,Magnoliopsida,Rosales,Cannabaceae,Trema,Trema sativa,2006,2006,TW
Celtis occidentalis var. pumila (Pursh) A.Gray,Plantae,Tracheophyta,Magnoliopsida,Rosales,Cannabaceae,Celtis,Celtis occidentalis,1880,2010,"CA, US"
Humulus neomexicanus (A.Nelson & Cockerell) Rydb.,Plantae,Tracheophyta,Magnoliopsida,Rosales,Cannabaceae,Humulus,Humulus lupulus,1942,2003,US
Celtis tala var. chichape (Wedd.) Planch.,Plantae,Tracheophyta,Magnoliopsida,Rosales,Cannabaceae,Celtis,Celtis chicape,,,BO
Ampelocera verrucosa Kuhlm.,Plantae,Tracheophyta,Magnoliopsida,Rosales,Cannabaceae,Ampelocera,Ampelocera ruizii,1913,1922,BR
Cannabis sativa var. indica (Lam.) E.Small & Cronquist,Plantae,Tracheophyta,Magnoliopsida,Rosales,Cannabaceae,Cannabis,Cannabis sativa,1952,2010,"CO, PF"
Trema guineense (Schumach. & Thonn.) Ficalho,Plantae,Tracheophyta,Magnoliopsida,Rosales,Cannabaceae,Trema,Trema orientalis,1898,2011,"TZ, GQ, CI, LR, GN, SL"
Ampelocera glabra Kuhlm.,Plantae,Tracheophyta,Magnoliopsida,Rosales,Cannabaceae,Ampelocera,Ampelocera glabra,1922,2020,"ZZ, BO, BR"
Celtis balansae Planch.,Plantae,Tracheophyta,Magnoliopsida,Rosales,Cannabaceae,Celtis,Celtis balansae,1860,1991,NC
Celtis tala var. gaudichaudiana Planch.,Plantae,Tracheophyta,Magnoliopsida,Rosales,Cannabaceae,Celtis,Celtis ehrenbergiana,,,BR
Sponia lamarckiana (Roem. & Schult.) Decne.,Plantae,Tracheophyta,Magnoliopsida,Rosales,Cannabaceae,Trema,Trema lamarckiana,1899,1899,"BS, HT, GP, DO, VC"
Trema tomentosa var. tomentosa,Plantae,Tracheophyta,Magnoliopsida,Rosales,Cannabaceae,Trema,Trema tomentosa,1863,2021,"CX, AU"
Gironniera grandifolia Merr. & Perry,Plantae,Tracheophyta,Magnoliopsida,Rosales,Cannabaceae,Gironniera,Gironniera celtidifolia,1932,1932,SB
Sponia orientalis (L.) Decne.,Plantae,Tracheophyta,Magnoliopsida,Rosales,Cannabaceae,Trema,Trema orientalis,,,ET
Celtis zizyphoides (Kunth) Spreng.,Plantae,Tracheophyta,Magnoliopsida,Rosales,Cannabaceae,Celtis,Celtis iguanaea,,,CO
Humulus lupulus var. pubescens E.Small,Plantae,Tracheophyta,Magnoliopsida,Rosales,Cannabaceae,Humulus,Humulus lupulus,1852,2021,US
Celtis amphibola C.K.Schneid.,Plantae,Tracheophyta,Magnoliopsida,Rosales,Cannabaceae,Celtis,Celtis bungeana,,,CN
Humulus lupulus subsp. americanus (Nutt.) Á.Löve & D.Löve,Plantae,Tracheophyta,Magnoliopsida,Rosales,Cannabaceae,Humulus,Humulus lupulus,1822,2018,US
Trema micrantha var. floridana (Britton ex Small) Standl. & Steyerm.,Plantae,Tracheophyta,Magnoliopsida,Rosales,Cannabaceae,Trema,Trema micrantha,1939,2022,"US, SV, HN, GT, BZ, PA, MX, CR"
Trema macrophylla (Kunth) Blume,Plantae,Tracheophyta,Magnoliopsida,Rosales,Cannabaceae,Trema,Trema micrantha,,,
Trema Lour.,Plantae,Tracheophyta,Magnoliopsida,Rosales,Cannabaceae,Trema,,1796,2021,"DE, CR, SV, GH, GT, CO, VE, AR, NZ, VI, ST, KH, PH, EC, PR, MP, ZA, CN, HN, BR, MX, ZM, GF, MG, AU, GP, PE, IN, TT, ID, TW, LA, SB, NA, PY, MY, ZZ, BN, JP, FJ, BQ, SN, US, PA, NC, BJ, VN, CI, GA, BD, TZ, MW, MM, JM, AO, CU, BO, TH, PG, DO, GQ, GY, KE, LR, PK, SR, LK, MZ, VU, UG, BS, GN"
Trema orientalis (L.) Blume,Plantae,Tracheophyta,Magnoliopsida,Rosales,Cannabaceae,Trema,Trema orientalis,1678,2021,"BI, ZA, PF, FJ, ML, ZW, PH, GM, CF, YT, BR, KH, SG, ET, IN, PG, RE, KE, DE, ER, AO, LA, NZ, SZ, GA, TH, SL, YE, WF, GQ, ZM, GH, AS, CN, BJ, SN, MU, PW, MG, GN, CR, CI, VU, TZ, CA, SC, NP, AU, MY, BT, SD, MW, TW, NC, BF, ID, JP, SB, UG, CG, CD, HK, LK, MP, VN, NG, RW, TL, LR, TD, BD, GW, SO, SA, CO, ZZ, ST, NA, TO, WS, US, KM, BN, MM, TG, CM, MZ"
Celtis pacifica Planch.,Plantae,Tracheophyta,Magnoliopsida,Rosales,Cannabaceae,Celtis,Celtis pacifica,1847,2015,"CK, ZZ, PN, PF"
Celtis occidentalis f. neglecta F.Seym.,Plantae,Tracheophyta,Magnoliopsida,Rosales,Cannabaceae,Celtis,Celtis occidentalis,1904,1904,US
Trema floridanum Britton,Plantae,Tracheophyta,Magnoliopsida,Rosales,Cannabaceae,Trema,Trema micrantha,1961,1981,US
Momisia pallida (Torr.) Planch.,Plantae,Tracheophyta,Magnoliopsida,Rosales,Cannabaceae,Celtis,Celtis ehrenbergiana,1949,1949,US
Parasponia rugosa Blume,Plantae,Tracheophyta,Magnoliopsida,Rosales,Cannabaceae,Trema,Trema rugosa,1840,2002,"ZZ, PH, NL, PG, ID, FJ"
Ampelocera edentula Kuhlm.,Plantae,Tracheophyta,Magnoliopsida,Rosales,Cannabaceae,Ampelocera,Ampelocera edentula,1918,2021,"PE, EC, GF, SR, BR, GY, CO, VE, BO"
Celtis australis subsp. caucasica (Willd.) C.C.Towns.,Plantae,Tracheophyta,Magnoliopsida,Rosales,Cannabaceae,Celtis,Celtis australis,1892,2017,"KG, AM, UZ, KZ, AF, TR, TM, ZZ, AZ, TJ, GE"
Celtis occidentalis var. submembranacea Fernald,Plantae,Tracheophyta,Magnoliopsida,Rosales,Cannabaceae,Celtis,Celtis occidentalis,1934,1934,US
Celtis pubescens (Humb. & Bonpl.) Spreng.,Plantae,Tracheophyta,Magnoliopsida,Rosales,Cannabaceae,Celtis,Celtis iguanaea,1816,2018,"AR, UY, PY, BO, VE, CO, ZZ, BR, PE"
Sponia acuminatissima Miq.,Plantae,Tracheophyta,Magnoliopsida,Rosales,Cannabaceae,Trema,Trema angustifolia,,,ZZ
Cannabis sativa var. sativa,Plantae,Tracheophyta,Magnoliopsida,Rosales,Cannabaceae,Cannabis,Cannabis sativa,1856,2021,"CA, CZ, US, ZA, PK, PL, AT, NZ, SK"
Celtis chichape (Wedd.) Miq.,Plantae,Tracheophyta,Magnoliopsida,Rosales,Cannabaceae,Celtis,Celtis chicape,1845,2022,"CL, PY, BR, BO, UY, AR"
Ampelocera Klotzsch,Plantae,Tracheophyta,Magnoliopsida,Rosales,Cannabaceae,Ampelocera,,1903,2021,"ZZ, CR, GF, BZ, PA, GT, EC, MX, NI, CO, SR, PE, GY, BR, BO"
Celtis dichotoma (Klotzsch) Ruiz ex Miq.,Plantae,Tracheophyta,Magnoliopsida,Rosales,Cannabaceae,Celtis,Celtis iguanaea,1787,1828,PE
Celtis floridana Raf.,Plantae,Tracheophyta,Magnoliopsida,Rosales,Cannabaceae,Celtis,Celtis occidentalis,1901,1901,US
Chaetachme microcarpa Rendle,Plantae,Tracheophyta,Magnoliopsida,Rosales,Cannabaceae,Chaetachme,Chaetachme aristata,1909,1978,"CD, GH, AO, CI, ZZ, ZA"
Trema nitida C.J.Chen,Plantae,Tracheophyta,Magnoliopsida,Rosales,Cannabaceae,Trema,Trema nitida,1917,2013,"MY, CN, TH"
Celtis hypoleuca Planch.,Plantae,Tracheophyta,Magnoliopsida,Rosales,Cannabaceae,Celtis,Celtis hypoleuca,1869,2014,NC
Celtis appendiculata E.Mey. ex Planch.,Plantae,Tracheophyta,Magnoliopsida,Rosales,Cannabaceae,Chaetachme,Chaetachme aristata,,,ZA
Celtis laevigata var. brevipes (S.Watson) Sarg.,Plantae,Tracheophyta,Magnoliopsida,Rosales,Cannabaceae,Celtis,Celtis laevigata,1934,1972,"US, MX"
Celtis henriquezii Engl.,Plantae,Tracheophyta,Magnoliopsida,Rosales,Cannabaceae,Celtis,Celtis africana,1898,1971,"AO, ST"
Momisia tarijensis Wedd.,Plantae,Tracheophyta,Magnoliopsida,Rosales,Cannabaceae,Celtis,Celtis iguanaea,1847,1847,BO
Trema grevei Baill.,Plantae,Tracheophyta,Magnoliopsida,Rosales,Cannabaceae,Trema,Trema orientalis,,,
Celtis eriantha E.Mey. ex Planch.,Plantae,Tracheophyta,Magnoliopsida,Rosales,Cannabaceae,Celtis,Celtis africana,1839,1839,"ZZ, ZA"
Celtis sinensis f. magnifica Nakai,Plantae,Tracheophyta,Magnoliopsida,Rosales,Cannabaceae,Celtis,Celtis sinensis,1958,1992,KR
Gironniera paucinervia Merr.,Plantae,Tracheophyta,Magnoliopsida,Rosales,Cannabaceae,Gironniera,Gironniera parvifolia,1915,1925,"MY, ID"
Celtis spinosissima (Wedd.) Miq.,Plantae,Tracheophyta,Magnoliopsida,Rosales,Cannabaceae,Celtis,Celtis iguanaea,1828,2021,"AR, BR"
Celtis douglasii Planch.,Plantae,Tracheophyta,Magnoliopsida,Rosales,Cannabaceae,Celtis,Celtis laevigata,1882,1986,"MX, US, ZZ"
Trema philippinensis Elmer,Plantae,Tracheophyta,Magnoliopsida,Rosales,Cannabaceae,Trema,Trema rugosa,1927,1927,PH
Celtis sinensis var. japonica (Planch.) Nakai,Plantae,Tracheophyta,Magnoliopsida,Rosales,Cannabaceae,Celtis,Celtis sinensis,1862,2016,"ZZ, NL, JP, KR"
Celtis occidentalis var. canina (Raf.) Sarg.,Plantae,Tracheophyta,Magnoliopsida,Rosales,Cannabaceae,Celtis,Celtis occidentalis,1856,1978,"CA, US, TW"
"Momisia americana Berry, 1914",Plantae,Tracheophyta,Magnoliopsida,Rosales,Cannabaceae,Celtis,Momisia americana,,,
Celtis sericea Romanczuk,Plantae,Tracheophyta,Magnoliopsida,Rosales,Cannabaceae,Celtis,Celtis chicape,1940,1976,AR
Celtis julianae C.K.Schneid.,Plantae,Tracheophyta,Magnoliopsida,Rosales,Cannabaceae,Celtis,Celtis julianae,1907,2014,"ZZ, CN, KR"
Celtis conferta var. elliptica Planch.,Plantae,Tracheophyta,Magnoliopsida,Rosales,Cannabaceae,Celtis,Celtis conferta,1868,1868,NC
Celtis tikalana Lundell,Plantae,Tracheophyta,Magnoliopsida,Rosales,Cannabaceae,Celtis,Celtis tikalana,1959,1968,GT
Celtis rhamnifolia C.Presl,Plantae,Tracheophyta,Magnoliopsida,Rosales,Cannabaceae,Celtis,Celtis africana,1908,1971,"US, ZZ, ZA"
Trema timorensis (Decne.) Blume,Plantae,Tracheophyta,Magnoliopsida,Rosales,Cannabaceae,Trema,Trema cannabina,1887,1887,"VN, ID, MM, IN"
Celtis labilis C.K.Schneid.,Plantae,Tracheophyta,Magnoliopsida,Rosales,Cannabaceae,Celtis,Celtis sinensis,1907,2003,"ES, CN, US, ZZ, NL"
Sponia vieillardi Planch.,Plantae,Tracheophyta,Magnoliopsida,Rosales,Cannabaceae,Trema,Trema cannabina,,,NC
Celtis cercidifolia C.K.Schneid.,Plantae,Tracheophyta,Magnoliopsida,Rosales,Cannabaceae,Celtis,Celtis sinensis,1885,1887,CN
Trema guinensis Priemer,Plantae,Tracheophyta,Magnoliopsida,Rosales,Cannabaceae,Trema,Trema guinensis,1893,1893,"CM, TZ, KE"
Gironniera cuspidata (Blume) Kurz,Plantae,Tracheophyta,Magnoliopsida,Rosales,Cannabaceae,Aphananthe,Aphananthe cuspidata,1893,1990,"MY, VN, ID, CN, PH"
Celtis rigida Blume,Plantae,Tracheophyta,Magnoliopsida,Rosales,Cannabaceae,Trema,Trema orientalis,,,
Celtis angustifolia Lindl.,Plantae,Tracheophyta,Magnoliopsida,Rosales,Cannabaceae,Trema,Trema angustifolia,,,"ZZ, MY"
Celtis leveillei Nakai,Plantae,Tracheophyta,Magnoliopsida,Rosales,Cannabaceae,Celtis,Celtis biondii,1917,2012,"JP, CN, KR"
Celtis spinosa var. pallida (Torr.) M.C.Johnst.,Plantae,Tracheophyta,Magnoliopsida,Rosales,Cannabaceae,Celtis,Celtis ehrenbergiana,1840,1992,"US, MX"
Celtis nymanii K.Schum.,Plantae,Tracheophyta,Magnoliopsida,Rosales,Cannabaceae,Celtis,Celtis rigescens,1945,1972,"PG, SB, ID"
Chaetachme madagascariensis Baker,Plantae,Tracheophyta,Magnoliopsida,Rosales,Cannabaceae,Chaetachme,Chaetachme aristata,1905,2016,MG
Ampelocera hottlei (Standl.) Standl.,Plantae,Tracheophyta,Magnoliopsida,Rosales,Cannabaceae,Ampelocera,Ampelocera hottlei,1911,2021,"SV, BZ, MX, NI, CO, CR, HN, ZZ, PA, GT"
Celtis tala f. velutina Herzog,Plantae,Tracheophyta,Magnoliopsida,Rosales,Cannabaceae,Celtis,Celtis chicape,1910,1911,BO
Celtis nervosa Hemsl.,Plantae,Tracheophyta,Magnoliopsida,Rosales,Cannabaceae,Celtis,Celtis sinensis,1910,2021,"TW, CN"
Celtis emuyaca Metcalf,Plantae,Tracheophyta,Magnoliopsida,Rosales,Cannabaceae,Celtis,Celtis biondii,1922,1938,CN
Celtis amboinensis Willd.,Plantae,Tracheophyta,Magnoliopsida,Rosales,Cannabaceae,Trema,Trema tomentosa,,,"ID, MM"
Celtis orthacanthos Planch.,Plantae,Tracheophyta,Magnoliopsida,Rosales,Cannabaceae,Celtis,Celtis orthacanthos,1923,2021,BR
Parasponia melastomatifolia J.J.Sm.,Plantae,Tracheophyta,Magnoliopsida,Rosales,Cannabaceae,Trema,Trema melastomatifolia,1907,1969,"PG, ID"
Celtis texana Scheele,Plantae,Tracheophyta,Magnoliopsida,Rosales,Cannabaceae,Celtis,Celtis laevigata,1996,1996,US
Celtis tetrandra Roxb.,Plantae,Tracheophyta,Magnoliopsida,Rosales,Cannabaceae,Celtis,Celtis tetrandra,1803,2022,"TW, ZZ, IN, MM, ES, TH, LA, ID, CN, BT, FR, NP, PK, VN, JP"
Humulus lupulus L.,Plantae,Tracheophyta,Magnoliopsida,Rosales,Cannabaceae,Humulus,Humulus lupulus,1600,2022,"CH, BY, JP, HR, TR, PL, KP, CA, UA, TW, AE, NO, RO, EE, KR, GG, AU, CN, MK, RS, LI, ME, PE, BG, IE, AM, NZ, IN, BE, SE, HU, KZ, LU, AL, BR, SY, DK, AT, GE, DZ, IT, SK, RU, CZ, LT, AR, GB, IR, LV, NG, MD, AZ, MX, FR, AX, BA, XK, CO, CL, SI, AD, JE, UZ, ZZ, IM, MG, KG, NL, ZA, ES, GR, US, DE, FI, AF, PT"
Celtis australis L.,Plantae,Tracheophyta,Magnoliopsida,Rosales,Cannabaceae,Celtis,Celtis australis,1600,2022,"HU, EG, NZ, AT, NP, US, PK, SY, SM, UA, BE, AF, AL, DZ, RO, ES, PT, ME, TM, GI, MC, NL, AZ, IR, IN, LU, CN, AM, CL, PL, BA, BG, SI, CY, AR, RS, LB, DK, RU, NC, TR, CH, PS, BR, AU, MX, TN, LI, HR, UZ, NO, GR, ZZ, GB, MA, IT, SE, FR, DE, MK, ET, IQ, BO, IL, AD, GE, JP, KR, JO, ZA, CZ"
Celtis loxensis C.C.Berg,Plantae,Tracheophyta,Magnoliopsida,Rosales,Cannabaceae,Celtis,Celtis loxensis,1910,2020,"EC, BR, PE, BO"
Celtis adolfi-friderici Engl.,Plantae,Tracheophyta,Magnoliopsida,Rosales,Cannabaceae,Celtis,Celtis adolfi-friderici,1907,2019,"BJ, CD, CF, ZZ, GA, CI, LR, UG, TZ, GN, GH, CM, CG"
Cannabis sativa subsp. indica (Lam.) E.Small & Cronquist,Plantae,Tracheophyta,Magnoliopsida,Rosales,Cannabaceae,Cannabis,Cannabis sativa,1859,2021,"GQ, BT, MM, RE, DE, ZA, US, MX, PK, IN, AF, ES, FR, BS, BR, CA"
Trema cannabina Lour.,Plantae,Tracheophyta,Magnoliopsida,Rosales,Cannabaceae,Trema,Trema cannabina,1822,2021,"GM, TL, CK, VU, GU, TH, WS, FM, FJ, BT, IN, TO, PH, TG, NP, SG, SB, AU, MY, ID, BN, KH, MM, AS, CN, VN, PW, PG, NC, TW, JP, ZZ, KM, MU, SC, MG, US"
"Momisia carolinensis Berry, 1914",Plantae,Tracheophyta,Magnoliopsida,Rosales,Cannabaceae,Celtis,Momisia carolinensis,,,
Celtis tournefortii subsp. tournefortii,Plantae,Tracheophyta,Magnoliopsida,Rosales,Cannabaceae,Celtis,Celtis tournefortii,1888,1966,"IQ, AM, TR"
Trema dunnianum H.Lév.,Plantae,Tracheophyta,Magnoliopsida,Rosales,Cannabaceae,Trema,Trema tomentosa,1906,1906,CN
Celtis pavonii Planch.,Plantae,Tracheophyta,Magnoliopsida,Rosales,Cannabaceae,Celtis,Celtis iguanaea,1778,1778,PE
Celtis canescens Decne.,Plantae,Tracheophyta,Magnoliopsida,Rosales,Cannabaceae,Trema,Trema micrantha,,,MX
"Trema micrantha Linnaeus, 1759",Plantae,Tracheophyta,Magnoliopsida,Rosales,Cannabaceae,Trema,Trema micrantha,2016,2020,"CO, BR"
Celtis tournefortii Lam.,Plantae,Tracheophyta,Magnoliopsida,Rosales,Cannabaceae,Celtis,Celtis tournefortii,1831,2021,"KR, NL, SY, HR, UA, IT, CY, IQ, ZZ, AZ, GR, RU, BE, IR, ES, MK, GE, TR, DE, BA, AM"
Celtis tenuifolia var. georgiana (Small) Fernald & B.G.Schub.,Plantae,Tracheophyta,Magnoliopsida,Rosales,Cannabaceae,Celtis,Celtis tenuifolia,1909,1990,US
Celtis brasiliensis (Gardner) Planch.,Plantae,Tracheophyta,Magnoliopsida,Rosales,Cannabaceae,Celtis,Celtis brasiliensis,1816,2022,"PE, PY, GY, EC, BO, AR, VE, BR, ZZ, CO"
Celtis franksiae N.E.Br.,Plantae,Tracheophyta,Magnoliopsida,Rosales,Cannabaceae,Celtis,Celtis mildbraedii,1910,1950,ZA
Gironniera rhamnifolia (Zipp.) Blume,Plantae,Tracheophyta,Magnoliopsida,Rosales,Cannabaceae,Gironniera,Gironniera rhamnifolia,1912,1993,"PG, ZZ, ID"
Sponia politoria Wall. ex Planch.,Plantae,Tracheophyta,Magnoliopsida,Rosales,Cannabaceae,Trema,Trema politoria,,,"IN, ZZ"
Celtis xizangensis E.W.Ma,Plantae,Tracheophyta,Magnoliopsida,Rosales,Cannabaceae,Celtis,Celtis tetrandra,1967,1975,CN
Celtis madagascariensis Sattarian,Plantae,Tracheophyta,Magnoliopsida,Rosales,Cannabaceae,Celtis,Celtis madagascariensis,1910,2020,"MG, YT"
Celtis laevigata Willd.,Plantae,Tracheophyta,Magnoliopsida,Rosales,Cannabaceae,Celtis,Celtis laevigata,1831,2022,"BM, NL, MX, HU, BE, GB, NZ, CA, ZZ, US"
Humulus lupulus var. cordifolius (Miq.) Maxim.,Plantae,Tracheophyta,Magnoliopsida,Rosales,Cannabaceae,Humulus,Humulus lupulus,1861,2019,"TW, RU, JP, NO, ZZ, CN"
Celtis choseniana Nakai,Plantae,Tracheophyta,Magnoliopsida,Rosales,Cannabaceae,Celtis,Celtis jessoensis,1923,2018,"KR, CA"
Celtis chekiangensis C.C.Cheng,Plantae,Tracheophyta,Magnoliopsida,Rosales,Cannabaceae,Celtis,Celtis chekiangensis,1950,1950,CN
Celtis philippensis var. wightii (Planch.) Soepadmo,Plantae,Tracheophyta,Magnoliopsida,Rosales,Cannabaceae,Celtis,Celtis philippensis,1889,2018,"AU, VN, TH, ZZ, MY, CN, ID, MZ, IN, LK"
Mirandaceltis monoica (Hemsl.) A.J.Sharp,Plantae,Tracheophyta,Magnoliopsida,Rosales,Cannabaceae,Aphananthe,Aphananthe monoica,1897,2000,"MX, GT, SV, HN"
Celtis spinulosa Spreng.,Plantae,Tracheophyta,Magnoliopsida,Rosales,Cannabaceae,Celtis,Celtis spinulosa,,,BR
Gironniera hirta Ridl.,Plantae,Tracheophyta,Magnoliopsida,Rosales,Cannabaceae,Gironniera,Gironniera hirta,1892,2016,"TH, BN, MY, PG, ZZ, ID, PH"
Celtis crassifolia Lam.,Plantae,Tracheophyta,Magnoliopsida,Rosales,Cannabaceae,Celtis,Celtis occidentalis,1831,1986,"ES, US"
Celtis pumila Pursh,Plantae,Tracheophyta,Magnoliopsida,Rosales,Cannabaceae,Celtis,Celtis occidentalis,1850,2018,"US, CA, ZZ"
Trema micrantha var. strigillosa (Lundell) Standl. & Steyerm.,Plantae,Tracheophyta,Magnoliopsida,Rosales,Cannabaceae,Trema,Trema micrantha,1972,2003,"HN, MX, GT, SV"
Sponia virgata (Roxb.) Planch.,Plantae,Tracheophyta,Magnoliopsida,Rosales,Cannabaceae,Trema,Trema cannabina,,,"MM, ID"
Ziziphus iguanea (Jacq.) Lam.,Plantae,Tracheophyta,Magnoliopsida,Rosales,Cannabaceae,Celtis,Celtis iguanaea,,,EC
Celtidaceae,Plantae,Tracheophyta,Magnoliopsida,Rosales,Cannabaceae,,,1944,2019,"BR, AR"
Celtis vitiensis A.C.Sm.,Plantae,Tracheophyta,Magnoliopsida,Rosales,Cannabaceae,Celtis,Celtis vitiensis,1926,1962,"TO, FJ"
Celtis anfractuosa Liebm.,Plantae,Tracheophyta,Magnoliopsida,Rosales,Cannabaceae,Celtis,Celtis iguanaea,1841,1841,MX
Gironniera subaequalis var. scabrida Blume,Plantae,Tracheophyta,Magnoliopsida,Rosales,Cannabaceae,Gironniera,Gironniera subaequalis,,,ID
Celtis pumila Raf.,Plantae,Tracheophyta,Magnoliopsida,Rosales,Cannabaceae,Celtis,Celtis occidentalis,1920,2020,US
Celtis caucasica Hohen. ex Planch.,Plantae,Tracheophyta,Magnoliopsida,Rosales,Cannabaceae,Celtis,Celtis caucasica,1800,2021,"RU, IR, KZ, IN, KR, GE, BG, HR, PK, TJ, UZ, AM"
Celtis boninensis Koidz.,Plantae,Tracheophyta,Magnoliopsida,Rosales,Cannabaceae,Celtis,Celtis boninensis,1879,2017,"JP, TW"
Celtis pallida var. discolor Hunz. & Dottori,Plantae,Tracheophyta,Magnoliopsida,Rosales,Cannabaceae,Celtis,Celtis ehrenbergiana,1873,2021,"AR, PY"
Aphananthe mexicana Leroy,Plantae,Tracheophyta,Magnoliopsida,Rosales,Cannabaceae,Aphananthe,Aphananthe monoica,1866,1866,MX
Parasponia rigida Merr. & Perry,Plantae,Tracheophyta,Magnoliopsida,Rosales,Cannabaceae,Trema,Trema rigida,1939,2014,"ID, NL, ZZ, PG"
Celtis jessoensis var. angustibolia Nakai,Plantae,Tracheophyta,Magnoliopsida,Rosales,Cannabaceae,Celtis,Celtis jessoensis,2012,2012,KR
Trema argentea (Planch.) Blume,Plantae,Tracheophyta,Magnoliopsida,Rosales,Cannabaceae,Trema,Trema orientalis,,,
Celtis gardneri Planch.,Plantae,Tracheophyta,Magnoliopsida,Rosales,Cannabaceae,Celtis,Celtis iguanaea,1838,1991,BR
Celtis tetrandra subsp. sinensis (Pers.) Y.C.Tang,Plantae,Tracheophyta,Magnoliopsida,Rosales,Cannabaceae,Celtis,Celtis sinensis,1908,2004,"TW, CN"
Sponia sampsonii Hance,Plantae,Tracheophyta,Magnoliopsida,Rosales,Cannabaceae,Trema,Trema angustifolia,1864,1864,CN
Trema floridana Britton ex Small,Plantae,Tracheophyta,Magnoliopsida,Rosales,Cannabaceae,Trema,Trema micrantha,1874,2021,"US, GT, BZ, NI, MX, HN"
Celtis bifida Leroy,Plantae,Tracheophyta,Magnoliopsida,Rosales,Cannabaceae,Celtis,Celtis bifida,1924,2018,MG
Celtis australiensis Sattarian,Plantae,Tracheophyta,Magnoliopsida,Rosales,Cannabaceae,Celtis,Celtis australiensis,1949,1988,"FR, AU"
Celtis betulifolia Vandas,Plantae,Tracheophyta,Magnoliopsida,Rosales,Cannabaceae,Celtis,Celtis australis,,,BA
Celtis kunmingensis W.C.Cheng & D.Y.Hong,Plantae,Tracheophyta,Magnoliopsida,Rosales,Cannabaceae,Celtis,Celtis tetrandra,1914,1979,CN
"Celtis villosula Rydb., 1923",Plantae,Tracheophyta,Magnoliopsida,Rosales,Cannabaceae,Celtis,Celtis villosula,1894,1894,US
Trema riparia (Kunth) Blume,Plantae,Tracheophyta,Magnoliopsida,Rosales,Cannabaceae,Trema,Trema micrantha,1844,1844,CO
Celtis iguanaea (Jacq.) Sarg.,Plantae,Tracheophyta,Magnoliopsida,Rosales,Cannabaceae,Celtis,Celtis iguanaea,1778,2022,"GY, SR, HT, CU, IN, VG, UA, DM, BQ, AW, CL, ZZ, ZW, AI, MQ, PA, BO, GF, JM, KN, US, AG, VI, PR, EC, PY, HN, NI, VE, UY, VC, PE, MS, BS, NZ, CW, GP, CR, BR, SV, BZ, GT, MF, TT, BL, AR, MX, DO, CO, GD"
Trema integerrima (Beurl.) Standl.,Plantae,Tracheophyta,Magnoliopsida,Rosales,Cannabaceae,Trema,Trema integerrima,1826,2019,"VE, BO, BR, NI, PE, GT, BZ, MX, CR, SR, PA, CO, HN, EC"
Trema aspera var. viridis (Planch.) Benth.,Plantae,Tracheophyta,Magnoliopsida,Rosales,Cannabaceae,Trema,Trema tomentosa,,,
Celtis morifolia Raf.,Plantae,Tracheophyta,Magnoliopsida,Rosales,Cannabaceae,Celtis,Celtis occidentalis,1983,1983,BO
Gironniera curranii Merr.,Plantae,Tracheophyta,Magnoliopsida,Rosales,Cannabaceae,Aphananthe,Aphananthe cuspidata,1908,1909,PH
Celtis L.,Plantae,Tracheophyta,Magnoliopsida,Rosales,Cannabaceae,Celtis,Celtis Cape-Melville,1993,2014,AU
Celtis reticulosa Miq.,Plantae,Tracheophyta,Magnoliopsida,Rosales,Cannabaceae,Celtis,Celtis timorensis,,,ID
Celtis julianae var. calvescens C.K.Schneid.,Plantae,Tracheophyta,Magnoliopsida,Rosales,Cannabaceae,Celtis,Celtis julianae,1908,1908,CN
Trema orientale (L.) Blume,Plantae,Tracheophyta,Magnoliopsida,Rosales,Cannabaceae,Trema,Trema orientale,1961,2022,"GT, GN, TW, RE, CD, TH, BF, IN, SZ, UG, JP, SG, MZ, CI, HK, ID, NP, TG, KE, ZA, CW, MG, PH, MY, VN, KH, CN, AU, US, NL, PG"
Lozanella enantiophylla (Donn.Sm.) Killip & Morton,Plantae,Tracheophyta,Magnoliopsida,Rosales,Cannabaceae,Lozanella,Lozanella enantiophylla,1888,2021,"CO, VE, CR, ZZ, US, SV, BO, PE, EC, PA, GT, HN, MX"
Trema micrantha (L.) Blume,Plantae,Tracheophyta,Magnoliopsida,Rosales,Cannabaceae,Trema,Trema micrantha,1778,2022,"SR, PR, DM, VI, EC, BS, MX, ZZ, GP, HN, GF, GY, ES, BO, UM, AR, BZ, JM, NI, AI, GT, PA, PG, VG, CU, CR, LC, CO, VE, DO, SV, BR, TC, MQ, BQ, AG, TT, HT, PY, VC, PE, US"
Celtis prantlii f. parviflora Hauman,Plantae,Tracheophyta,Magnoliopsida,Rosales,Cannabaceae,Celtis,Celtis philippensis,1931,1931,CD
"Trema lamarckianum Roem. & Schult., 1856",Plantae,Tracheophyta,Magnoliopsida,Rosales,Cannabaceae,Trema,Trema lamarckiana,1844,2022,"BS, KY, PR, DM, BM, US, DO, HT, CU"
Ampelocera ruizii Klotzsch,Plantae,Tracheophyta,Magnoliopsida,Rosales,Cannabaceae,Ampelocera,Ampelocera ruizii,1778,2016,"BR, CO, BO, PE, ZZ"
Celtis schiedeana Schltdl.,Plantae,Tracheophyta,Magnoliopsida,Rosales,Cannabaceae,Trema,Trema micrantha,,,MX
Trema amboinensis (Willd.) Blume,Plantae,Tracheophyta,Magnoliopsida,Rosales,Cannabaceae,Trema,Trema tomentosa,1836,1959,"IN, TW, PH, WS, TO, CN, ZZ, MY, ID, VN, BD, AU"
Trema cannabina var. dielsiana (Hand.-Mazz.) C.J.Chen,Plantae,Tracheophyta,Magnoliopsida,Rosales,Cannabaceae,Trema,Trema cannabina,1910,2013,"CN, TW"
Celtis biondii var. insularis Hatus.,Plantae,Tracheophyta,Magnoliopsida,Rosales,Cannabaceae,Celtis,Celtis biondii,1973,2012,JP
Sponia velutina Planch.,Plantae,Tracheophyta,Magnoliopsida,Rosales,Cannabaceae,Trema,Trema tomentosa,,,"IN, PH"
Parasponia andersonii (Planch.) Planch.,Plantae,Tracheophyta,Magnoliopsida,Rosales,Cannabaceae,Trema,Trema andersonii,1769,2015,"NC, WS, PG, ZZ, SB, PF, NL, VU, FJ"
Celtis hunanensis Hand.-Mazz.,Plantae,Tracheophyta,Magnoliopsida,Rosales,Cannabaceae,Celtis,Celtis sinensis,1918,1918,CN
Momisia iguanaea (Jacq.) Rose & Standl.,Plantae,Tracheophyta,Magnoliopsida,Rosales,Cannabaceae,Celtis,Celtis iguanaea,1986,1986,"MX, HT"
Celtis triflora (Klotzsch) Ruiz,Plantae,Tracheophyta,Magnoliopsida,Rosales,Cannabaceae,Celtis,Celtis iguanaea,1778,1778,PE
Celtis tomentosa Roxb.,Plantae,Tracheophyta,Magnoliopsida,Rosales,Cannabaceae,Trema,Trema tomentosa,,,PH
Cannabis sativa subsp. sativa,Plantae,Tracheophyta,Magnoliopsida,Rosales,Cannabaceae,Cannabis,Cannabis sativa,1827,2020,"FR, CH, US, KR, RU, IN, HU, AL, CR, NZ, PL, DE, AT, SE, DK, BT, CA, IT, CZ, CN, RO"
Celtis albicans Willd. ex Steud.,Plantae,Tracheophyta,Magnoliopsida,Rosales,Cannabaceae,Trema,Trema micrantha,,,MX
Celtis tessmannii Rendle,Plantae,Tracheophyta,Magnoliopsida,Rosales,Cannabaceae,Celtis,Celtis tessmannii,1903,2021,"GQ, CF, GA, CD, CG, CM"
Celtis australis A.Rich.,Plantae,Tracheophyta,Magnoliopsida,Rosales,Cannabaceae,Celtis,Celtis adolfi-friderici,,,ES
Celtis davidiana Carrière,Plantae,Tracheophyta,Magnoliopsida,Rosales,Cannabaceae,Celtis,Celtis bungeana,1923,1923,"FR, US, CN"
Celtis spinosa Ruiz ex Miq.,Plantae,Tracheophyta,Magnoliopsida,Rosales,Cannabaceae,Celtis,Celtis iguanaea,1893,1990,"BR, PY, AR, BO, MX, UY, US"
Gironniera Gaudich.,Plantae,Tracheophyta,Magnoliopsida,Rosales,Cannabaceae,Gironniera,,1861,2016,"TH, LK, BN, CN, HK, ZZ, CM, FJ, SG, FM, BD, PG, SB, DE, MY, LA, IN, MX, PH, KH, VN, MM, ID"
Celtis cavaleriei H.Lév.,Plantae,Tracheophyta,Magnoliopsida,Rosales,Cannabaceae,Celtis,Celtis biondii,1902,1902,CN
Trema strigillosa Lundell,Plantae,Tracheophyta,Magnoliopsida,Rosales,Cannabaceae,Trema,Trema micrantha,1929,1972,"GT, BZ"
Celtis collinsae Craib,Plantae,Tracheophyta,Magnoliopsida,Rosales,Cannabaceae,Celtis,Celtis philippensis,1932,1936,CN
Celtis glabra Planch.,Plantae,Tracheophyta,Magnoliopsida,Rosales,Cannabaceae,Celtis,Celtis tetrandra,,,GE
Celtis australis subsp. australis,Plantae,Tracheophyta,Magnoliopsida,Rosales,Cannabaceae,Celtis,Celtis australis,1860,2021,"GR, HR, IT"
Humulus lupuloides (E.Small) Tembrock,Plantae,Tracheophyta,Magnoliopsida,Rosales,Cannabaceae,Humulus,Humulus lupulus,1855,1992,US
Celtis alnifolia (Wedd.) Miq.,Plantae,Tracheophyta,Magnoliopsida,Rosales,Cannabaceae,Celtis,Celtis iguanaea,1907,2012,BR
Celtis zenkeri Engl.,Plantae,Tracheophyta,Magnoliopsida,Rosales,Cannabaceae,Celtis,Celtis zenkeri,1855,2019,"CM, UG, BJ, ET, GH, CD, GN, BI, NG, CF, TG, ST, TZ, AO, CG, ZZ, SD, CI, MG"
Chaetacme Planch.,Plantae,Tracheophyta,Magnoliopsida,Rosales,Cannabaceae,Chaetacme,,1887,2019,"CI, MZ, TG, SZ, GQ, CF, AO, MW, ZM, CM, CD, ZA, BE, KE, NG, BJ, ZW, RW, UG, MG, TZ, GH"
Celtis kajewskii Merr. & Perry,Plantae,Tracheophyta,Magnoliopsida,Rosales,Cannabaceae,Celtis,Celtis latifolia,1931,1990,"SB, ID, PG"
Celtis rubrovenia Elmer,Plantae,Tracheophyta,Magnoliopsida,Rosales,Cannabaceae,Celtis,Celtis rubrovenia,1907,1966,"ID, ZZ, PH"
Mertensia laevigata Kunth,Plantae,Tracheophyta,Magnoliopsida,Rosales,Cannabaceae,Celtis,Celtis iguanaea,,,VE
Celtis japonica Planch.,Plantae,Tracheophyta,Magnoliopsida,Rosales,Cannabaceae,Celtis,Celtis sinensis,1862,2005,"ES, FR, JP"
Solenostigma brevinerve Blume,Plantae,Tracheophyta,Magnoliopsida,Rosales,Cannabaceae,Celtis,Celtis philippensis,,,ZZ
Trema rugosa (Willd.) Blume,Plantae,Tracheophyta,Magnoliopsida,Rosales,Cannabaceae,Trema,Trema micrantha,1948,1948,UY
Trema bracteolatum (Hochst.) Blume,Plantae,Tracheophyta,Magnoliopsida,Rosales,Cannabaceae,Trema,Trema orientale,1907,1938,ZA
Humulopsis Grudz.,Plantae,Tracheophyta,Magnoliopsida,Rosales,Cannabaceae,Humulus,,2006,2006,VN
Gironniera yunnanensis Hu,Plantae,Tracheophyta,Magnoliopsida,Rosales,Cannabaceae,Aphananthe,Aphananthe cuspidata,1935,1936,CN
Celtis bungeana Blume,Plantae,Tracheophyta,Magnoliopsida,Rosales,Cannabaceae,Celtis,Celtis bungeana,1831,2018,"ZZ, KP, JP, KR, NL, DE, CN, ES, SE, US, RU"
Chaetachme Planch.,Plantae,Tracheophyta,Magnoliopsida,Rosales,Cannabaceae,Chaetachme,,1930,2002,"MG, TZ, BJ, MZ, ZA, AO"
"Celtis kansana Chaney & Elias, 1936",Plantae,Tracheophyta,Magnoliopsida,Rosales,Cannabaceae,Celtis,Celtis kansana,,,US
Celtis weddelliana (Planch.) Romanczuk,Plantae,Tracheophyta,Magnoliopsida,Rosales,Cannabaceae,Celtis,Celtis ehrenbergiana,1946,1955,AR
Celtis lindheimeri Engelm. ex C.Koch,Plantae,Tracheophyta,Magnoliopsida,Rosales,Cannabaceae,Celtis,Celtis lindheimeri,1850,1975,US
Celtis orthocantha Planch,Plantae,Tracheophyta,Magnoliopsida,Rosales,Cannabaceae,Celtis,Celtis orthacanthos,1986,1986,BR
Celtidopsis citrifolia (Kunth) Fr.Priemer,Plantae,Tracheophyta,Magnoliopsida,Rosales,Cannabaceae,Celtis,Celtis iguanaea,1802,1802,EC
Celtis wightii var. consimilis (Blume) Gagnep.,Plantae,Tracheophyta,Magnoliopsida,Rosales,Cannabaceae,Celtis,Celtis philippensis,1932,1936,CN
Celtis vesiculosa Hochst.,Plantae,Tracheophyta,Magnoliopsida,Rosales,Cannabaceae,Celtis,Celtis africana,,,ET
Celtis orthocanthos Planch.,Plantae,Tracheophyta,Magnoliopsida,Rosales,Cannabaceae,Celtis,Celtis orthocanthos,,,
Celtis monoica Hemsl.,Plantae,Tracheophyta,Magnoliopsida,Rosales,Cannabaceae,Aphananthe,Aphananthe monoica,1858,2010,"GT, MX"
Celtis tournefortii subsp. aspera Spach,Plantae,Tracheophyta,Magnoliopsida,Rosales,Cannabaceae,Celtis,Celtis tournefortii,,,GR
Celtis malagasica Sattarian,Plantae,Tracheophyta,Magnoliopsida,Rosales,Cannabaceae,Celtis,Celtis madagascariensis,,,
Parasponia simulans Merr. & Perry,Plantae,Tracheophyta,Magnoliopsida,Rosales,Cannabaceae,Trema,Trema melastomatifolia,1939,1939,ID
Ampelocera pubescens Morton,Plantae,Tracheophyta,Magnoliopsida,Rosales,Cannabaceae,Ampelocera,Ampelocera pubescens,1927,1928,CU
Celtis glabrata Spreng.,Plantae,Tracheophyta,Magnoliopsida,Rosales,Cannabaceae,Celtis,Celtis iguanaea,1978,2016,"VE, RU, AM, BE"
Celtis durandii var. ugandensis (Rendle) Rendle,Plantae,Tracheophyta,Magnoliopsida,Rosales,Cannabaceae,Celtis,Celtis gomphophylla,1962,1962,"ZZ, KE, CD, UG"
Trema laxiflorum Lundell,Plantae,Tracheophyta,Magnoliopsida,Rosales,Cannabaceae,Trema,Trema integerrima,1945,1999,"MX, BZ, GT"
Cannabis sativa var. kafiristanica (Vavilov) E.Small & Cronquist,Plantae,Tracheophyta,Magnoliopsida,Rosales,Cannabaceae,Cannabis,Cannabis sativa,1928,1931,IN
Cannabis sativa var. spontanea Vavilov,Plantae,Tracheophyta,Magnoliopsida,Rosales,Cannabaceae,Cannabis,Cannabis sativa,1840,2022,"UZ, DE, US, CZ, BY, RO, RU, TJ, KZ, AT, AM, UA, MN, HU"
Momisia flexuosa Wedd.,Plantae,Tracheophyta,Magnoliopsida,Rosales,Cannabaceae,Celtis,Celtis brasiliensis,1846,1846,BO
Celtis biondii var. heterophylla (Lév.) C.K.Schneid.,Plantae,Tracheophyta,Magnoliopsida,Rosales,Cannabaceae,Celtis,Celtis biondii,1985,2019,"KR, CN"
Celtis biondii var. biondii,Plantae,Tracheophyta,Magnoliopsida,Rosales,Cannabaceae,Celtis,Celtis biondii,1955,2017,JP
Sponia pumila (Pursh) G.Don,Plantae,Tracheophyta,Magnoliopsida,Rosales,Cannabaceae,Celtis,Celtis occidentalis,,,
Celtis pallida var. pallida,Plantae,Tracheophyta,Magnoliopsida,Rosales,Cannabaceae,Celtis,Celtis ehrenbergiana,1913,1995,"MX, AR, CO"
Celtis glabrata Stev. ex Planch.,Plantae,Tracheophyta,Magnoliopsida,Rosales,Cannabaceae,Celtis,Celtis planchoniana,1807,2018,"ZZ, AZ, GE, BE, NL, RU, UA, AM"
Celtis rugosa Willd.,Plantae,Tracheophyta,Magnoliopsida,Rosales,Cannabaceae,Trema,Trema micrantha,1944,1944,PR
"Celtis philippinensis Blanco, 1837",Plantae,Tracheophyta,Magnoliopsida,Rosales,Cannabaceae,Celtis,Celtis philippinensis,1820,2010,"CF, MY, GQ, ST, MG, TH, CD, BJ, AU, CM, PH, CN, TG, KE, SD, CI, PG, ID, SN, GA, UG, GH, NG, TZ"
Celtis jessoensis Koidz.,Plantae,Tracheophyta,Magnoliopsida,Rosales,Cannabaceae,Celtis,Celtis jessoensis,1908,2019,"KR, ZZ, DE, CA, JP, NL, CN, KP"
Polygonum viridiflorum Poir.,Plantae,Tracheophyta,Magnoliopsida,Rosales,Cannabaceae,Cannabis,Cannabis sativa,2012,2012,
Celtis durandii Engl.,Plantae,Tracheophyta,Magnoliopsida,Rosales,Cannabaceae,Celtis,Celtis gomphophylla,1896,2018,"KE, ZA, ZW, CG, BE, UG, CI, GA, CD, TZ, AO"
Celtis koraiensis Nakai,Plantae,Tracheophyta,Magnoliopsida,Rosales,Cannabaceae,Celtis,Celtis koraiensis,1902,2018,"ZZ, BE, KP, JP, KR, CN, CA, NL"
Celtis rockii Rehder,Plantae,Tracheophyta,Magnoliopsida,Rosales,Cannabaceae,Celtis,Celtis biondii,1923,1923,"ZZ, CN"
Celtis aspera (Ledeb.) Steven,Plantae,Tracheophyta,Magnoliopsida,Rosales,Cannabaceae,Celtis,Celtis tournefortii,1924,1924,CN
Celtis formosana Hayata,Plantae,Tracheophyta,Magnoliopsida,Rosales,Cannabaceae,Celtis,Celtis tetrandra,1906,2018,"TW, CN, ZZ, JP"
Celtis harperi Horne,Plantae,Tracheophyta,Magnoliopsida,Rosales,Cannabaceae,Celtis,Celtis harperi,1968,2014,"WF, TO"
Celtis mairei H.Lév.,Plantae,Tracheophyta,Magnoliopsida,Rosales,Cannabaceae,Celtis,Celtis bungeana,,,CN
Celtis glycycarpa Mart.,Plantae,Tracheophyta,Magnoliopsida,Rosales,Cannabaceae,Celtis,Celtis iguanaea,,,BR
Ampelocera albertiae Todzia,Plantae,Tracheophyta,Magnoliopsida,Rosales,Cannabaceae,Ampelocera,Ampelocera albertiae,1982,2021,CO
Momisia F.Dietr.,Plantae,Tracheophyta,Magnoliopsida,Rosales,Cannabaceae,Celtis,,1921,1921,BO
"Aphananthe tenuicostata Dorofeev, 1982",Plantae,Tracheophyta,Magnoliopsida,Rosales,Cannabaceae,Aphananthe,Aphananthe tenuicostata,,,"DE, RU"
Cannabinaceae,Plantae,Tracheophyta,Magnoliopsida,Rosales,Cannabaceae,,,,,
Homoioceltis Blume,Plantae,Tracheophyta,Magnoliopsida,Rosales,Cannabaceae,Aphananthe,,,,PH
Humulus yunnanensis Hu,Plantae,Tracheophyta,Magnoliopsida,Rosales,Cannabaceae,Humulus,Humulus lupulus,1887,1977,CN
Ampelocera longissima Todzia,Plantae,Tracheophyta,Magnoliopsida,Rosales,Cannabaceae,Ampelocera,Ampelocera longissima,1933,2012,"EC, PE, CO, BR"
Celtis scotellioides A.Chev.,Plantae,Tracheophyta,Magnoliopsida,Rosales,Cannabaceae,Celtis,Celtis philippensis,1909,1953,"CI, CD"
Celtis integerrima Merr.,Plantae,Tracheophyta,Magnoliopsida,Rosales,Cannabaceae,Celtis,Celtis integerrima,1932,1932,CN
Helminthospermum scabridum Thwaites,Plantae,Tracheophyta,Magnoliopsida,Rosales,Cannabaceae,Gironniera,Gironniera parvifolia,,,LK
Celtis bodinieri H.Lév.,Plantae,Tracheophyta,Magnoliopsida,Rosales,Cannabaceae,Celtis,Celtis sinensis,,,CN
Celtis virgata Roxb.,Plantae,Tracheophyta,Magnoliopsida,Rosales,Cannabaceae,Trema,Trema cannabina,,,
Trema commersonii (Planch.) Blume,Plantae,Tracheophyta,Magnoliopsida,Rosales,Cannabaceae,Trema,Trema orientalis,,,RE
Celtis politoria Wall.,Plantae,Tracheophyta,Magnoliopsida,Rosales,Cannabaceae,Trema,Trema politoria,,,"NP, IN"
Celtis georgiana Small,Plantae,Tracheophyta,Magnoliopsida,Rosales,Cannabaceae,Celtis,Celtis tenuifolia,1893,1999,"US, ZZ"
Celtis biondii Pamp.,Plantae,Tracheophyta,Magnoliopsida,Rosales,Cannabaceae,Celtis,Celtis biondii,1890,2021,"TW, KR, CN, ZZ, US, KP, NZ, JP, CA"
Celtis canina Raf.,Plantae,Tracheophyta,Magnoliopsida,Rosales,Cannabaceae,Celtis,Celtis occidentalis,1844,1987,"CA, US"
Celtis integrifolia Lam.,Plantae,Tracheophyta,Magnoliopsida,Rosales,Cannabaceae,Celtis,Celtis toka,1829,2020,"MR, BR, BJ, GA, NE, GM, SN, ET, TG, CM, GH, BF, CI, TD, ML, NG, SD"
Celtis roxburghii Planch.,Plantae,Tracheophyta,Magnoliopsida,Rosales,Cannabaceae,Celtis,Celtis tetrandra,,,IN
Cannabis sativa var. ruderalis (Janisch.) S.Z.Liou,Plantae,Tracheophyta,Magnoliopsida,Rosales,Cannabaceae,Cannabis,Cannabis sativa,1911,2016,"UA, RU, AZ, KP"
Trema guineensis (Schumach. & Thonn.) Ficalho,Plantae,Tracheophyta,Magnoliopsida,Rosales,Cannabaceae,Trema,Trema orientalis,1900,2019,"GQ, BF, SD, ZA, KE, GH, BJ, GW, AO, GA, ZW, ZZ, GN, MW, CI, CM, UG, TZ, CD, LR, SL, ET, CG"
Celtis africana Burm.fil.,Plantae,Tracheophyta,Magnoliopsida,Rosales,Cannabaceae,Celtis,Celtis africana,1821,2022,"YT, CD, ZW, AO, UG, ET, ER, BW, LS, BJ, BI, ZZ, SA, CM, MW, GH, SD, US, MZ, CF, KE, SN, ZA, KM, ZM, SZ, RW, YE, SO, LR, TZ"
Trema orientalis var. viridis Lauterb.,Plantae,Tracheophyta,Magnoliopsida,Rosales,Cannabaceae,Trema,Trema tomentosa,1899,2000,"PW, FJ, FM, MP, ZZ, WS, GU, AS, TO, NU"
Celtis timorensis Span.,Plantae,Tracheophyta,Magnoliopsida,Rosales,Cannabaceae,Celtis,Celtis timorensis,1835,2019,"VN, NP, KH, LK, ZZ, AU, CX, TH, CN, ID, IN, MM, BT, MY, PH, HK"
Celtis boliviensis Planch.,Plantae,Tracheophyta,Magnoliopsida,Rosales,Cannabaceae,Celtis,Celtis brasiliensis,1914,2018,"BR, PY, BO, AR"
Celtis biondii subsp. heterophylla (H.Lév.) C.K.Schneid.,Plantae,Tracheophyta,Magnoliopsida,Rosales,Cannabaceae,Celtis,Celtis biondii,1900,2008,"CN, KR, JP"
Celtis brevipes S.Watson,Plantae,Tracheophyta,Magnoliopsida,Rosales,Cannabaceae,Celtis,Celtis laevigata,1874,1874,US
Trema nitens Blume,Plantae,Tracheophyta,Magnoliopsida,Rosales,Cannabaceae,Trema,Trema orientalis,1937,2015,"UG, CD, GH, TG, NG"
Pteroceltis tatarinowii Maxim.,Plantae,Tracheophyta,Magnoliopsida,Rosales,Cannabaceae,Pteroceltis,Pteroceltis tatarinowii,1895,2021,"FR, ZZ, KR, CA, BE, CN, JP, US"
Celtis tala Gillies ex Planch.,Plantae,Tracheophyta,Magnoliopsida,Rosales,Cannabaceae,Celtis,Celtis ehrenbergiana,1816,2022,"PY, BO, MX, UY, BR, US, AR, ZZ, VE"
Celtis flexuosa var. glabrifolia Griseb.,Plantae,Tracheophyta,Magnoliopsida,Rosales,Cannabaceae,Celtis,Celtis iguanaea,1873,1873,AR
Celtis pacifica var. subglabra F.Br.,Plantae,Tracheophyta,Magnoliopsida,Rosales,Cannabaceae,Celtis,Celtis pacifica,1921,1921,PF
Humulus americanus Nutt.,Plantae,Tracheophyta,Magnoliopsida,Rosales,Cannabaceae,Humulus,Humulus lupulus,1909,2014,"US, CA"
Celtis sellowiana Miq.,Plantae,Tracheophyta,Magnoliopsida,Rosales,Cannabaceae,Celtis,Celtis ehrenbergiana,1941,2006,"AR, BR, UY"
Ampelocera cubensis Griseb.,Plantae,Tracheophyta,Magnoliopsida,Rosales,Cannabaceae,Ampelocera,Ampelocera cubensis,1860,2019,"CU, HT, DO, JM"
"Celtis biondii var. insularis Hatus. ex H.Umemoto, Yokota & Kokub.",Plantae,Tracheophyta,Magnoliopsida,Rosales,Cannabaceae,Celtis,Celtis biondii,1958,2015,JP
Celtis similis Merr. & Perry,Plantae,Tracheophyta,Magnoliopsida,Rosales,Cannabaceae,Celtis,Celtis rubrovenia,1938,1958,ID
Celtis laevigata f. microphylla Sarg.,Plantae,Tracheophyta,Magnoliopsida,Rosales,Cannabaceae,Celtis,Celtis laevigata,1918,1943,US
Celtis tala f. subpilosa Kuntze,Plantae,Tracheophyta,Magnoliopsida,Rosales,Cannabaceae,Celtis,Celtis ehrenbergiana,1892,1892,AR
Trema orientalis var. argentea (Blume) Lauterb.,Plantae,Tracheophyta,Magnoliopsida,Rosales,Cannabaceae,Trema,Trema orientalis,1930,1996,"PW, MP, ZZ, JP, GU"
Humulopsis scandens (Lour.) Grudz.,Plantae,Tracheophyta,Magnoliopsida,Rosales,Cannabaceae,Humulus,Humulus scandens,1904,1992,"CN, RU, KP, JP"
Celtis trinervia Roxb.,Plantae,Tracheophyta,Magnoliopsida,Rosales,Cannabaceae,Celtis,Celtis tetrandra,,,ES
Celtis tenuifolia var. tenuifolia,Plantae,Tracheophyta,Magnoliopsida,Rosales,Cannabaceae,Celtis,Celtis tenuifolia,1990,1990,US
Celtis conferta subsp. amblyphylla (F.Muell.) P.S.Green,Plantae,Tracheophyta,Magnoliopsida,Rosales,Cannabaceae,Celtis,Celtis conferta,1872,2016,AU
Celtis palauensis Kaneh. & Hatus.,Plantae,Tracheophyta,Magnoliopsida,Rosales,Cannabaceae,Celtis,Celtis palauensis,1937,1978,"PW, ZZ"
Celtis bungeana var. heterophylla H.Lév.,Plantae,Tracheophyta,Magnoliopsida,Rosales,Cannabaceae,Celtis,Celtis biondii,1909,1909,KR
Trema dielsiana Hand.-Mazz.,Plantae,Tracheophyta,Magnoliopsida,Rosales,Cannabaceae,Trema,Trema cannabina,1907,2005,"CN, TW"
Aphananthe rectinervis (F.Muell.) Planch.,Plantae,Tracheophyta,Magnoliopsida,Rosales,Cannabaceae,Aphananthe,Aphananthe philippinensis,,,AU
Celtis schippii Standl.,Plantae,Tracheophyta,Magnoliopsida,Rosales,Cannabaceae,Celtis,Celtis schippii,1909,2019,"EC, HN, BR, CO, BZ, BO, CR, MX, NI, PE, GY, PA"
Celtis vandervoetiana C.K.Schneid.,Plantae,Tracheophyta,Magnoliopsida,Rosales,Cannabaceae,Celtis,Celtis vandervoetiana,1904,2013,CN
Celtis subdentata E.Mey. ex Planch.,Plantae,Tracheophyta,Magnoliopsida,Rosales,Cannabaceae,Chaetachme,Chaetachme aristata,,,ZA
Sponia chichilea Ruiz & Pav. ex Planch.,Plantae,Tracheophyta,Magnoliopsida,Rosales,Cannabaceae,Trema,Trema micrantha,1778,1778,PE
Gironniera reticulata Thwaites,Plantae,Tracheophyta,Magnoliopsida,Rosales,Cannabaceae,Aphananthe,Aphananthe cuspidata,1854,1924,"MM, ID, ZZ, VN, LK"
Sponia bracteolata Hochst.,Plantae,Tracheophyta,Magnoliopsida,Rosales,Cannabaceae,Trema,Trema orientale,1839,1839,ZA
Celtis brownii Rendle,Plantae,Tracheophyta,Magnoliopsida,Rosales,Cannabaceae,Celtis,Celtis philippensis,1958,2021,"GN, NG, CI, GH, CD, TG, BJ, UG"
Celtis tenuifolia var. soperi B.Boivin,Plantae,Tracheophyta,Magnoliopsida,Rosales,Cannabaceae,Celtis,Celtis tenuifolia,1907,1949,"US, CA"
Celtis triflora (Klotzsch) Ruiz ex Miq.,Plantae,Tracheophyta,Magnoliopsida,Rosales,Cannabaceae,Celtis,Celtis iguanaea,1778,2013,"BO, VE, EC, DM, PY, CO, AT, AR, PE, BR"
Cannabis ruderalis Janisch.,Plantae,Tracheophyta,Magnoliopsida,Rosales,Cannabaceae,Cannabis,Cannabis sativa,1800,2020,"ZZ, CZ, HU, GE, RU, PL, DE, UA, UZ, RO, AM, AT, US, PK"
Humulus cordifolius Miq.,Plantae,Tracheophyta,Magnoliopsida,Rosales,Cannabaceae,Humulus,Humulus lupulus,1877,1926,"RU, JP"
Celtis philippensis var. philippensis,Plantae,Tracheophyta,Magnoliopsida,Rosales,Cannabaceae,Celtis,Celtis philippensis,1909,2015,"TH, MY, VN, ID, PH, PG, CM"
Humulus japonicus Siebold & Zucc.,Plantae,Tracheophyta,Magnoliopsida,Rosales,Cannabaceae,Humulus,Humulus scandens,1853,2021,"KR, FI, GB, ZZ, NL, US, BE, RU, CN, NO, SE, CZ, AR, TW, BR, KP, LA, IT, DE, FR, VN, JP, DK, CA"
Celtis glabrata Stev.,Plantae,Tracheophyta,Magnoliopsida,Rosales,Cannabaceae,Celtis,Celtis planchoniana,1855,2005,"IQ, AM, IR, TR, UA"
Trema tomentosa var. aspera (Brongn.) Hewson,Plantae,Tracheophyta,Magnoliopsida,Rosales,Cannabaceae,Trema,Trema tomentosa,1770,2022,"PG, MY, AU, NC"
Celtis sinensis Pers.,Plantae,Tracheophyta,Magnoliopsida,Rosales,Cannabaceae,Celtis,Celtis sinensis,1777,2022,"NL, RU, ZA, JP, PT, TW, BR, ZZ, NO, ES, LK, AU, BE, HK, VN, MO, ZW, KR, KP, LA, NZ, CN, US"
Trema crassifolia Liebm.,Plantae,Tracheophyta,Magnoliopsida,Rosales,Cannabaceae,Trema,Trema crassifolia,1842,1842,MX
Celtis reticulata Torr.,Plantae,Tracheophyta,Magnoliopsida,Rosales,Cannabaceae,Celtis,Celtis laevigata,1800,2021,"US, BE, ZZ, MX, PL"
Celtis jamaicensis Planch.,Plantae,Tracheophyta,Magnoliopsida,Rosales,Cannabaceae,Celtis,Celtis jamaicensis,1849,1967,"JM, CU, ZZ"
Celtis rugosa A.Chev.,Plantae,Tracheophyta,Magnoliopsida,Rosales,Cannabaceae,Celtis,Celtis rugosa,,,
Celtis brieyi De Wild.,Plantae,Tracheophyta,Magnoliopsida,Rosales,Cannabaceae,Celtis,Celtis tessmannii,1937,2006,"CD, GA"
Aphananthe monoica (Hemsl.) Leroy,Plantae,Tracheophyta,Magnoliopsida,Rosales,Cannabaceae,Aphananthe,Aphananthe monoica,1858,2022,"MX, GT, SV, HN, NI"
Trema velutina (Planch.) Blume,Plantae,Tracheophyta,Magnoliopsida,Rosales,Cannabaceae,Trema,Trema tomentosa,1885,2004,"KH, VN, ZZ, CN"
Trema rigida (Merr. & L.M.Perry) Byng & Christenh.,Plantae,Tracheophyta,Magnoliopsida,Rosales,Cannabaceae,Trema,Trema rigida,,,
Celtis microcarpa Salzm. ex Planch.,Plantae,Tracheophyta,Magnoliopsida,Rosales,Cannabaceae,Trema,Trema micrantha,,,CN
Humulus lupulus var. lupuloides E.Small,Plantae,Tracheophyta,Magnoliopsida,Rosales,Cannabaceae,Humulus,Humulus lupulus,1859,2021,"CA, IT, US"
Trema angustifolia (Planch.) Blume,Plantae,Tracheophyta,Magnoliopsida,Rosales,Cannabaceae,Trema,Trema angustifolia,1879,2013,"JP, ZZ, MY, LA, VN, ID, CN, TH"
Celtis australis f. variegata Schelle ex Geerinck,Plantae,Tracheophyta,Magnoliopsida,Rosales,Cannabaceae,Celtis,Celtis australis,1994,1994,FR
Celtis punctata (Urb. & Ekman) Urb. & Ekman,Plantae,Tracheophyta,Magnoliopsida,Rosales,Cannabaceae,Celtis,Celtis iguanaea,1925,1926,HT
Cannabis chinensis Delile,Plantae,Tracheophyta,Magnoliopsida,Rosales,Cannabaceae,Cannabis,Cannabis sativa,1844,1847,"FR, IT"
Celtis sinensis f. purpurascens Nakai,Plantae,Tracheophyta,Magnoliopsida,Rosales,Cannabaceae,Celtis,Celtis sinensis,1969,1983,KR
Celtis bungeana var. jessoensis (Koidz.) Kudô,Plantae,Tracheophyta,Magnoliopsida,Rosales,Cannabaceae,Celtis,Celtis jessoensis,1950,2011,JP
Celtis prantlii Priemer ex Engl.,Plantae,Tracheophyta,Magnoliopsida,Rosales,Cannabaceae,Celtis,Celtis philippensis,1860,2020,"NG, TZ, ZW, ZZ, CD, AO, CM, ET, SN, CF, CG, TG, BJ, GQ, ST, GH, KE, CI, UG, GA"
Aphananthe Planch.,Plantae,Tracheophyta,Magnoliopsida,Rosales,Cannabaceae,Aphananthe,,1862,2014,"LK, CN, PG, ZZ, AU, JP, DE, PH, MX, US, KM"
Sponia micrantha L.,Plantae,Tracheophyta,Magnoliopsida,Rosales,Cannabaceae,Trema,Sponia micrantha,1881,1881,"CO, PR"
Celtis mindanaensis Elmer,Plantae,Tracheophyta,Magnoliopsida,Rosales,Cannabaceae,Celtis,Celtis philippensis,1909,1909,PH
Celtis swartzii Planch.,Plantae,Tracheophyta,Magnoliopsida,Rosales,Cannabaceae,Celtis,Celtis trinervia,1927,1961,"JM, CU"
"Celtis aspera Manchester, 2014",Plantae,Tracheophyta,Magnoliopsida,Rosales,Cannabaceae,Celtis,Celtis aspera,2003,2003,"RU, US"
Trema cannabinum var. dielsianum (Hand.-Mazz.) C.J.Chen,Plantae,Tracheophyta,Magnoliopsida,Rosales,Cannabaceae,Trema,Trema cannabina,,,CN
Celtis glabra Noronha,Plantae,Tracheophyta,Magnoliopsida,Rosales,Cannabaceae,Celtis,Celtis glabra,,,BG
Celtis ferruginea (Wedd.) Miq.,Plantae,Tracheophyta,Magnoliopsida,Rosales,Cannabaceae,Celtis,Celtis brasiliensis,1816,1985,"AR, BR"
Celtis asperula Miq.,Plantae,Tracheophyta,Magnoliopsida,Rosales,Cannabaceae,Celtis,Celtis iguanaea,,,BR
Celtis dichotoma (Klotzsch) Ruiz,Plantae,Tracheophyta,Magnoliopsida,Rosales,Cannabaceae,Celtis,Celtis iguanaea,1778,1778,PE
"Trema guinense Priemer, 1893",Plantae,Tracheophyta,Magnoliopsida,Rosales,Cannabaceae,Trema,Trema guinense,,,
Trema molle (Humb. & Bonpl. ex Willd.) Blume,Plantae,Tracheophyta,Magnoliopsida,Rosales,Cannabaceae,Trema,Trema micrantha,1919,1920,GY
Celtis occidentalis var. occidentalis,Plantae,Tracheophyta,Magnoliopsida,Rosales,Cannabaceae,Celtis,Celtis occidentalis,1959,2001,"US, CA"
Celtis tala f. obtusata Chodat,Plantae,Tracheophyta,Magnoliopsida,Rosales,Cannabaceae,Celtis,Celtis chicape,1902,1902,PY
Celtis dysodoxylon Thwaites,Plantae,Tracheophyta,Magnoliopsida,Rosales,Cannabaceae,Celtis,Celtis timorensis,,,LK
Celtis conferta var. cuneata Planch.,Plantae,Tracheophyta,Magnoliopsida,Rosales,Cannabaceae,Celtis,Celtis conferta,1868,2004,NC
Celtis ehrenbergiana (Klotzsch) Liebm.,Plantae,Tracheophyta,Magnoliopsida,Rosales,Cannabaceae,Celtis,Celtis ehrenbergiana,1814,2016,"PY, PE, VE, BR, EC, HT, UY, CO, AR, BO, MX, US"
Celtis occidentalis var. crassifolia (Lam.) A.Gray,Plantae,Tracheophyta,Magnoliopsida,Rosales,Cannabaceae,Celtis,Celtis occidentalis,1904,1956,"ZZ, CA, US"
Cannabis L.,Plantae,Tracheophyta,Magnoliopsida,Rosales,Cannabaceae,Cannabis,,1844,2021,"NC, TR, SK, IN, BE, BR, KR, MG, SY, PK, PH, MA, ZA, AZ, AT, VN, CN, CZ, US, LK, HR, LA, AU, ZZ, AR, DE, SE, RU, NP, ES, GE, AF, BZ, CD, FR, HU, EE"
Humulus L.,Plantae,Tracheophyta,Magnoliopsida,Rosales,Cannabaceae,Humulus,,1800,2021,"BE, TT, NL, CZ, GB, VN, PL, KZ, GF, AM, US, CH, NZ, VE, DE, CA, BR, FR, NO, PR, MX, RU, AR, LU, CR, JP, AU, IT, CN, TW, DK"
Celtis paniculata (Endl.) Planch.,Plantae,Tracheophyta,Magnoliopsida,Rosales,Cannabaceae,Celtis,Celtis paniculata,1770,2022,"CK, TL, ID, ZZ, BN, NZ, AU, PF, FJ, NF, VU, MY, SB, PH, PG, NC, NU, PW, KI, FM"
Celtis aculeata Sw.,Plantae,Tracheophyta,Magnoliopsida,Rosales,Cannabaceae,Celtis,Celtis iguanaea,1794,2011,"BR, BO, VE, BQ, JM, PR, PE, AR, CU, ZZ, ES, VI, MX, CO, PY"
Ampelocera latifolia Ducke,Plantae,Tracheophyta,Magnoliopsida,Rosales,Cannabaceae,Ampelocera,Ampelocera edentula,1939,1995,"CO, BO, VE, BR, PE"
Celtis fragifera A.Chev.,Plantae,Tracheophyta,Magnoliopsida,Rosales,Cannabaceae,Celtis,Celtis adolfi-friderici,1909,1909,CI
Momisia dichotoma Klotzsch,Plantae,Tracheophyta,Magnoliopsida,Rosales,Cannabaceae,Celtis,Celtis iguanaea,1778,1778,MX
Celtis tournefortii subsp. aetnensis (Tornab.) Raimondo & Schicchi,Plantae,Tracheophyta,Magnoliopsida,Rosales,Cannabaceae,Celtis,Celtis tournefortii,1987,1987,IT
Sponia micrantha (L.) Decne. ex Planch.,Plantae,Tracheophyta,Magnoliopsida,Rosales,Cannabaceae,Trema,Trema micrantha,,,"CU, BR"
"Rhamnus iguanaea Jacq., 1760",Plantae,Tracheophyta,Magnoliopsida,Rosales,Cannabaceae,Celtis,Celtis iguanaea,,,MX
Helminthospermum Thwaites,Plantae,Tracheophyta,Magnoliopsida,Rosales,Cannabaceae,Gironniera,,1899,1899,CM
Parasponia Miq.,Plantae,Tracheophyta,Magnoliopsida,Rosales,Cannabaceae,Trema,,1954,1989,PG
Sponia Comm. ex Decne.,Plantae,Tracheophyta,Magnoliopsida,Rosales,Cannabaceae,Trema,,1840,1924,"CO, ID, ZZ, TT, BR, RE"
Celtis orientalis L.,Plantae,Tracheophyta,Magnoliopsida,Rosales,Cannabaceae,Trema,Trema orientalis,,,"IN, ZA, LK, GB"
Trema mollis (Humb. & Bonpl. ex Willd.) Blume,Plantae,Tracheophyta,Magnoliopsida,Rosales,Cannabaceae,Trema,Trema micrantha,1799,2009,"US, PE, EC, CU, CO, DO, AR, MX, PY, VE, BR"
Celtis sinensis f. rotunda Nakai,Plantae,Tracheophyta,Magnoliopsida,Rosales,Cannabaceae,Celtis,Celtis sinensis,1917,1984,KR
Antidesma nervosum Wall.,Plantae,Tracheophyta,Magnoliopsida,Rosales,Cannabaceae,Gironniera,Gironniera nervosa,,,MY
Celtis discolor Brongn.,Plantae,Tracheophyta,Magnoliopsida,Rosales,Cannabaceae,Trema,Trema discolor,1825,1825,PF
Celtis rugulosa Rydb.,Plantae,Tracheophyta,Magnoliopsida,Rosales,Cannabaceae,Celtis,Celtis rugulosa,1895,1952,US
Celtis canescens Kunth,Plantae,Tracheophyta,Magnoliopsida,Rosales,Cannabaceae,Trema,Trema micrantha,,,MX
Gironniera subaequalis var. papuana J.J.Sm.,Plantae,Tracheophyta,Magnoliopsida,Rosales,Cannabaceae,Gironniera,Gironniera subaequalis,1910,1910,ID
Trema virgata var. scabra Blume,Plantae,Tracheophyta,Magnoliopsida,Rosales,Cannabaceae,Trema,Trema cannabina,1918,1918,ID
Celtis laevigata var. smallii (Beadle) Sarg.,Plantae,Tracheophyta,Magnoliopsida,Rosales,Cannabaceae,Celtis,Celtis tenuifolia,1880,2020,US
Celtis salvatiana C.K.Schneid.,Plantae,Tracheophyta,Magnoliopsida,Rosales,Cannabaceae,Celtis,Celtis tetrandra,,,CN
Celtis aspera Brongn.,Plantae,Tracheophyta,Magnoliopsida,Rosales,Cannabaceae,Trema,Trema tomentosa,1978,1978,RU
Celtis parvifolia Raf.,Plantae,Tracheophyta,Magnoliopsida,Rosales,Cannabaceae,Celtis,Celtis occidentalis,,,
Ulmus cavaleriei H.Lév.,Plantae,Tracheophyta,Magnoliopsida,Rosales,Cannabaceae,Pteroceltis,Pteroceltis tatarinowii,1910,1910,CN
Sponia argentea Planch.,Plantae,Tracheophyta,Magnoliopsida,Rosales,Cannabaceae,Trema,Trema orientalis,,,JP
Celtis biondii var. cavaleriei (Lév.) C.K.Schneid.,Plantae,Tracheophyta,Magnoliopsida,Rosales,Cannabaceae,Celtis,Celtis biondii,1902,1902,CN
Trema tomentosa (Roxb.) Hara,Plantae,Tracheophyta,Magnoliopsida,Rosales,Cannabaceae,Trema,Trema tomentosa,1770,2022,"BT, GN, CI, NP, KH, TW, CG, TH, SG, BN, CN, ZZ, MG, US, HK, TL, VN, ID, CX, PG, SB, IN, PW, MY, MM, PH, LA, BD, SN, RE, AU"
Gironniera subaequalis Planch.,Plantae,Tracheophyta,Magnoliopsida,Rosales,Cannabaceae,Gironniera,Gironniera subaequalis,1843,2018,"MY, KH, VN, BN, PG, ZZ, TH, HK, SG, LK, PH, ID, MM, IN, LA, CN"
Celtis crenato-serrata Merr.,Plantae,Tracheophyta,Magnoliopsida,Rosales,Cannabaceae,Celtis,Celtis timorensis,1909,1909,PH
Celtis caudata Planch.,Plantae,Tracheophyta,Magnoliopsida,Rosales,Cannabaceae,Celtis,Celtis caudata,1894,2020,"MX, CR, NI, HN, SV, US, GT"
Trema cubense Urb.,Plantae,Tracheophyta,Magnoliopsida,Rosales,Cannabaceae,Trema,Trema cubense,1918,2019,"CU, DM, DO"
Humulus lupulus var. neomexicanus A.Nelson & Cockerell,Plantae,Tracheophyta,Magnoliopsida,Rosales,Cannabaceae,Humulus,Humulus lupulus,1845,2021,"CA, MX, US"
Celtis lancifolia Planch.,Plantae,Tracheophyta,Magnoliopsida,Rosales,Cannabaceae,Celtis,Celtis ehrenbergiana,1932,1997,"BR, AR"
Trema africana (Planch.) Blume,Plantae,Tracheophyta,Magnoliopsida,Rosales,Cannabaceae,Trema,Trema orientalis,1839,2015,"NG, CI, LR, TG, GN, ZA, BF, CF"
Celtis eriocarpa Decne.,Plantae,Tracheophyta,Magnoliopsida,Rosales,Cannabaceae,Celtis,Celtis australis,1935,1995,"ZZ, PK, IN"
Celtis edulis Nakai,Plantae,Tracheophyta,Magnoliopsida,Rosales,Cannabaceae,Celtis,Celtis jessoensis,1966,2013,KR
Humulus lupulus var. cordifolius (Miq.) Maxim. ex Franch. & Sav.,Plantae,Tracheophyta,Magnoliopsida,Rosales,Cannabaceae,Humulus,Humulus lupulus,1922,2017,JP
Parasponia paucinervia Merr. & Perry,Plantae,Tracheophyta,Magnoliopsida,Rosales,Cannabaceae,Trema,Trema andersonii,1931,1931,SB
Celtis diffusa Planch.,Plantae,Tracheophyta,Magnoliopsida,Rosales,Cannabaceae,Celtis,Celtis iguanaea,1910,1994,"AR, BR"
Celtis laevigata var. brachyphylla Sarg.,Plantae,Tracheophyta,Magnoliopsida,Rosales,Cannabaceae,Celtis,Celtis laevigata,1918,1979,"US, MX"
Celtis tala var. gilliesiana Planch.,Plantae,Tracheophyta,Magnoliopsida,Rosales,Cannabaceae,Celtis,Celtis ehrenbergiana,1908,1911,"PY, BO"
Cannabis sativa var. indica (Lam.) Wehmer,Plantae,Tracheophyta,Magnoliopsida,Rosales,Cannabaceae,Cannabis,Cannabis sativa,1955,1971,"JP, IR, AO, ZZ, BR, EG, DZ"
Celtis pallida Torr.,Plantae,Tracheophyta,Magnoliopsida,Rosales,Cannabaceae,Celtis,Celtis ehrenbergiana,1832,2022,"BR, BO, AR, MX, PY, US"
Gironniera sibuyanensis Elmer,Plantae,Tracheophyta,Magnoliopsida,Rosales,Cannabaceae,Gironniera,Gironniera celtidifolia,1910,1910,PH
Celtis ingens F.Muell.,Plantae,Tracheophyta,Magnoliopsida,Rosales,Cannabaceae,Celtis,Celtis paniculata,,,AU
Celtis occidentalis var. reticulata (Torr.) Sarg.,Plantae,Tracheophyta,Magnoliopsida,Rosales,Cannabaceae,Celtis,Celtis laevigata,,,US
Celtis rugosa Rydb.,Plantae,Tracheophyta,Magnoliopsida,Rosales,Cannabaceae,Celtis,Celtis rugulosa,1895,1898,US
Sponia timorensis Decne.,Plantae,Tracheophyta,Magnoliopsida,Rosales,Cannabaceae,Trema,Trema cannabina,,,TL
Trema lanceolata Merr.,Plantae,Tracheophyta,Magnoliopsida,Rosales,Cannabaceae,Trema,Trema angustifolia,1934,1934,CN
Cannabis sativa subsp. spontanea (Czern.) Serebr. ex Serebr. & Sizova,Plantae,Tracheophyta,Magnoliopsida,Rosales,Cannabaceae,Cannabis,Cannabis sativa,1968,2012,"HU, DE, AT, GE, AM"
Trema blancoi (Planch.) Blume,Plantae,Tracheophyta,Magnoliopsida,Rosales,Cannabaceae,Trema,Trema tomentosa,,,PH
Gironniera nervosa Planch.,Plantae,Tracheophyta,Magnoliopsida,Rosales,Cannabaceae,Gironniera,Gironniera nervosa,1863,2022,"PG, VN, TH, VE, SG, LA, ZZ, BN, ID, GY, CO, MY, BR"
Celtis mauritiana Planch.,Plantae,Tracheophyta,Magnoliopsida,Rosales,Cannabaceae,Celtis,Celtis philippensis,1952,1952,"MU, KE, TZ"
Celtis pubescens var. chichape (Wedd.) Baehni,Plantae,Tracheophyta,Magnoliopsida,Rosales,Cannabaceae,Celtis,Celtis chicape,,,"BO, BR, AR"
Celtis chicape (Wedd.) Miq.,Plantae,Tracheophyta,Magnoliopsida,Rosales,Cannabaceae,Celtis,Celtis chicape,1994,1994,PY
Celtis pumila var. deamii Sarg.,Plantae,Tracheophyta,Magnoliopsida,Rosales,Cannabaceae,Celtis,Celtis occidentalis,1915,1935,"ZZ, US"
Rhamnus micrantha L.,Plantae,Tracheophyta,Magnoliopsida,Rosales,Cannabaceae,Trema,Trema micrantha,,,JM
Celtis luzonica Warb.,Plantae,Tracheophyta,Magnoliopsida,Rosales,Cannabaceae,Celtis,Celtis luzonica,1903,2002,"ID, PG, ZZ, SB, PH, TW"
Celtis petenensis Lundell,Plantae,Tracheophyta,Magnoliopsida,Rosales,Cannabaceae,Celtis,Celtis trinervia,1931,1933,GT
Trema domingense Urb.,Plantae,Tracheophyta,Magnoliopsida,Rosales,Cannabaceae,Trema,Trema domingense,1910,2009,"EC, PE, VE, NI, DO, PA, CO, BO, BZ, CR, GT"
Celtis caucasica Willd.,Plantae,Tracheophyta,Magnoliopsida,Rosales,Cannabaceae,Celtis,Celtis australis,1834,2019,"BG, US, AZ, ES, IQ, TM, TR, GE, IN, RU, PK, TJ, AF, KZ, KG, ZZ, UA, PL, BE, IR, AM"
Celtis latifolia (Blume) Planch.,Plantae,Tracheophyta,Magnoliopsida,Rosales,Cannabaceae,Celtis,Celtis latifolia,1857,2012,"PH, ZZ, SB, ID, PG"
Pteroceltis Maxim.,Plantae,Tracheophyta,Magnoliopsida,Rosales,Cannabaceae,Pteroceltis,,1930,1998,"US, CN, DE"
Celtis glycycarpa Mart. ex Miq.,Plantae,Tracheophyta,Magnoliopsida,Rosales,Cannabaceae,Celtis,Celtis iguanaea,1847,2006,"BR, PY, TZ"
Gironniera chinensis Benth.,Plantae,Tracheophyta,Magnoliopsida,Rosales,Cannabaceae,Gironniera,Gironniera subaequalis,1861,1861,"CN, HK"
Celtis pallida subsp. pallida,Plantae,Tracheophyta,Magnoliopsida,Rosales,Cannabaceae,Celtis,Celtis ehrenbergiana,1840,2004,"BR, AR, MX, PY"
Celtis planchoniana K.I.Chr.,Plantae,Tracheophyta,Magnoliopsida,Rosales,Cannabaceae,Celtis,Celtis planchoniana,1860,2021,"RU, UA, GE, AM, IR, AZ, TR"
Trema orientalis subsp. tomentosa (Roxb.) Murata,Plantae,Tracheophyta,Magnoliopsida,Rosales,Cannabaceae,Trema,Trema tomentosa,1937,1989,TW
"Cannabis indica Mure, 1849",Plantae,Tracheophyta,Magnoliopsida,Rosales,Cannabaceae,Cannabis,Cannabis indica,2002,2002,NL
Plagioceltis dichotoma Mildbr. ex Baehni,Plantae,Tracheophyta,Magnoliopsida,Rosales,Cannabaceae,Celtis,Celtis iguanaea,1828,1983,PE
Trema aspera (Brongn.) Blume,Plantae,Tracheophyta,Magnoliopsida,Rosales,Cannabaceae,Trema,Trema tomentosa,1802,1994,"PG, AU, SB, NC"
Celtis vesiculosa Hochst. ex Planch.,Plantae,Tracheophyta,Magnoliopsida,Rosales,Cannabaceae,Celtis,Celtis africana,1842,1842,ET
Celtis insularis Rendle,Plantae,Tracheophyta,Magnoliopsida,Rosales,Cannabaceae,Celtis,Celtis philippensis,1859,1988,"ZZ, PN, PF"
Celtis hamiltonii Planch.,Plantae,Tracheophyta,Magnoliopsida,Rosales,Cannabaceae,Celtis,Celtis tetrandra,1827,1827,IN
Celtis philippensis Blanco,Plantae,Tracheophyta,Magnoliopsida,Rosales,Cannabaceae,Celtis,Celtis philippensis,1820,2021,"CD, KE, TZ, CI, PG, CN, TL, GQ, IN, MY, SN, VN, YT, ID, GH, TH, AO, TG, ST, SB, CG, NG, LK, KM, MU, GN, AU, ZZ, PH, TW, HK, CF, GA, ET, CM, MG, BJ, MZ"
Celtis aurantiaca Nakai,Plantae,Tracheophyta,Magnoliopsida,Rosales,Cannabaceae,Celtis,Celtis koraiensis,1923,2018,KR
Celtis mukii Siebold & Zucc.,Plantae,Tracheophyta,Magnoliopsida,Rosales,Cannabaceae,Celtis,Celtis mukii,,,"ZZ, JP"
"Celtis pubescens Kunth, 1817",Plantae,Tracheophyta,Magnoliopsida,Rosales,Cannabaceae,Celtis,Celtis pubescens,1940,2015,"CO, BO, BR, AR, PY"
Celtis lamarckiana Roem. & Schult.,Plantae,Tracheophyta,Magnoliopsida,Rosales,Cannabaceae,Trema,Trema lamarckiana,,,JM
Solenostigma strychnoides Blume,Plantae,Tracheophyta,Magnoliopsida,Rosales,Cannabaceae,Celtis,Celtis philippensis,,,AU
Celtis aetnensis (Tornab.) Strobl,Plantae,Tracheophyta,Magnoliopsida,Rosales,Cannabaceae,Celtis,Celtis tournefortii,1990,2018,"IT, BE, KR"
Lozanella trematoides Greenm.,Plantae,Tracheophyta,Magnoliopsida,Rosales,Cannabaceae,Lozanella,Lozanella enantiophylla,1904,1983,MX
Celtis toka (Forssk.) Hepper & J.R.I.Wood,Plantae,Tracheophyta,Magnoliopsida,Rosales,Cannabaceae,Celtis,Celtis toka,1824,2018,"ET, TD, BF, BJ, CM, GH, CG, SD, GM, ML, TG, CF, YE, NG, UG, CI, MR, NE, SN"
Celtis trinervia Lam.,Plantae,Tracheophyta,Magnoliopsida,Rosales,Cannabaceae,Celtis,Celtis trinervia,1787,2021,"CO, DO, MX, SV, NI, GT, NL, CU, PR, VG, UM, JM, VI, ZZ, BZ, CR, ES, CL, HT"
Celtis kotschyana Stev.,Plantae,Tracheophyta,Magnoliopsida,Rosales,Cannabaceae,Celtis,Celtis australis,,,IQ
Celtis neglecta Zi L.Chen & X.F.Jin,Plantae,Tracheophyta,Magnoliopsida,Rosales,Cannabaceae,Celtis,Celtis neglecta,,,
Celtis chekiangensis W.C.Cheng,Plantae,Tracheophyta,Magnoliopsida,Rosales,Cannabaceae,Celtis,Celtis chekiangensis,1932,2006,CN
Trema enantiophylla Donn.Sm.,Plantae,Tracheophyta,Magnoliopsida,Rosales,Cannabaceae,Lozanella,Lozanella enantiophylla,1888,1973,"CR, PA"
Celtis platycaulis Greenm.,Plantae,Tracheophyta,Magnoliopsida,Rosales,Cannabaceae,Celtis,Celtis iguanaea,1901,1901,MX
Celtis biondii f. holophylla (Nakai) Koji Ito,Plantae,Tracheophyta,Magnoliopsida,Rosales,Cannabaceae,Celtis,Celtis biondii,1944,1980,JP
Celtis parvifolia A.Rich.,Plantae,Tracheophyta,Magnoliopsida,Rosales,Cannabaceae,Trema,Trema lamarckiana,1843,1984,"MX, CU"
Celtis leveillei var. hirtifolia Hand.-Mazz.,Plantae,Tracheophyta,Magnoliopsida,Rosales,Cannabaceae,Celtis,Celtis biondii,1928,1928,CN
Trema discolor (Brongn.) Blume,Plantae,Tracheophyta,Magnoliopsida,Rosales,Cannabaceae,Trema,Trema discolor,1772,2004,"PF, ID"
Trema grisea Baker,Plantae,Tracheophyta,Magnoliopsida,Rosales,Cannabaceae,Trema,Trema orientalis,1842,1842,MX
Celtis occidentalis subsp. georgiana (Small) A.E.Murray,Plantae,Tracheophyta,Magnoliopsida,Rosales,Cannabaceae,Celtis,Celtis tenuifolia,1967,1971,US
Celtis mississippiensis Bosc,Plantae,Tracheophyta,Magnoliopsida,Rosales,Cannabaceae,Celtis,Celtis tenuifolia,1825,1997,"SD, US, MX, ZZ, AF, SN"
Gironniera costata Miq.,Plantae,Tracheophyta,Magnoliopsida,Rosales,Cannabaceae,Gironniera,Gironniera subaequalis,,,ID
Celtis occidentalis var. pumila (Muhl.) Pursh,Plantae,Tracheophyta,Magnoliopsida,Rosales,Cannabaceae,Celtis,Celtis occidentalis,1834,1998,"US, NL"
Celtis mollis Wall.,Plantae,Tracheophyta,Magnoliopsida,Rosales,Cannabaceae,Celtis,Celtis tetrandra,,,
Parasponia parviflora Miq.,Plantae,Tracheophyta,Magnoliopsida,Rosales,Cannabaceae,Trema,Trema parviflora,1888,1981,"ID, PG"
Trema vulcanica Merr.,Plantae,Tracheophyta,Magnoliopsida,Rosales,Cannabaceae,Trema,Trema rugosa,1912,1912,PH
Celtis guineensis Schumach.,Plantae,Tracheophyta,Magnoliopsida,Rosales,Cannabaceae,Trema,Trema orientalis,1978,1978,BR
Homoioceltis aspera (Thunb.) Blume,Plantae,Tracheophyta,Magnoliopsida,Rosales,Cannabaceae,Aphananthe,Aphananthe aspera,,,JP
Cannabis intersita Soják,Plantae,Tracheophyta,Magnoliopsida,Rosales,Cannabaceae,Cannabis,Cannabis sativa,1831,1831,
Celtis cinnamomea Lindl.,Plantae,Tracheophyta,Magnoliopsida,Rosales,Cannabaceae,Celtis,Celtis timorensis,1964,1964,"ID, LK, CN"
Celtis reticulata var. vestita Sarg.,Plantae,Tracheophyta,Magnoliopsida,Rosales,Cannabaceae,Celtis,Celtis laevigata,1915,1941,US
Celtis membranacea (Wedd.) Miq.,Plantae,Tracheophyta,Magnoliopsida,Rosales,Cannabaceae,Celtis,Celtis iguanaea,1835,2006,"BR, AR"
Trema affinis (Planch.) Blume,Plantae,Tracheophyta,Magnoliopsida,Rosales,Cannabaceae,Trema,Trema orientalis,1885,1930,"BO, UG, ST, MG"
Trema virgata (Roxb.) Blume,Plantae,Tracheophyta,Magnoliopsida,Rosales,Cannabaceae,Trema,Trema cannabina,1840,2007,"SB, PW, ID, MY, PH, FM, TW, CN, ZZ, PG"
Celtis laevigata var. laevigata,Plantae,Tracheophyta,Magnoliopsida,Rosales,Cannabaceae,Celtis,Celtis laevigata,1856,2020,"US, MX"
Celtis prantlii Rendle,Plantae,Tracheophyta,Magnoliopsida,Rosales,Cannabaceae,Celtis,Celtis philippensis,2020,2020,ST
Sparrea schippii (Standl.) Hunz. & Dottori,Plantae,Tracheophyta,Magnoliopsida,Rosales,Cannabaceae,Celtis,Celtis schippii,1929,1995,"PE, PA, NI, EC, CR, BZ"
Sponia wightii Planch.,Plantae,Tracheophyta,Magnoliopsida,Rosales,Cannabaceae,Trema,Trema orientalis,,,"ZZ, IN"
Celtis crenata (Wedd.) Planch.,Plantae,Tracheophyta,Magnoliopsida,Rosales,Cannabaceae,Celtis,Celtis brasiliensis,,,BO
Celtis chinensis Bunge,Plantae,Tracheophyta,Magnoliopsida,Rosales,Cannabaceae,Celtis,Celtis bungeana,,,
Aphananthe sakalava Leroy,Plantae,Tracheophyta,Magnoliopsida,Rosales,Cannabaceae,Aphananthe,Aphananthe sakalava,1923,2012,MG
Sponia andaresa Comm. ex Lam.,Plantae,Tracheophyta,Magnoliopsida,Rosales,Cannabaceae,Trema,Trema orientalis,,,
Celtis occidentalis L.,Plantae,Tracheophyta,Magnoliopsida,Rosales,Cannabaceae,Celtis,Celtis occidentalis,1793,2022,"AR, NL, UA, NO, MD, MX, RU, CA, GB, TW, SE, HU, BG, CH, CZ, KR, AE, NZ, AM, IT, DE, DK, BM, AU, BR, AT, ES, ZZ, JP, BE, FR, PL, LU, UZ, EG, SK, SI, PT, PE, US"
Trema cannabina var. cannabina,Plantae,Tracheophyta,Magnoliopsida,Rosales,Cannabaceae,Trema,Trema cannabina,1968,1972,"CN, SG, PW, TL"
Celtis riparia Liebm.,Plantae,Tracheophyta,Magnoliopsida,Rosales,Cannabaceae,Celtis,Celtis caudata,,,MX
Celtis epiphylladena Ortega,Plantae,Tracheophyta,Magnoliopsida,Rosales,Cannabaceae,Celtis,Celtis iguanaea,1785,1785,ES
Cannabis indica Lam.,Plantae,Tracheophyta,Magnoliopsida,Rosales,Cannabaceae,Cannabis,Cannabis sativa,1871,2013,"ZZ, US, CZ, FR, LB, GR, ZA, MX, BR, IN"
Celtis fluminensis Carauta,Plantae,Tracheophyta,Magnoliopsida,Rosales,Cannabaceae,Celtis,Celtis brasiliensis,1816,2021,BR
Trema orientale f. micranthum (Blume) Kuntze,Plantae,Tracheophyta,Magnoliopsida,Rosales,Cannabaceae,Trema,Trema micrantha,1990,1991,BR
Celtis kraussiana var. stolzii Peter,Plantae,Tracheophyta,Magnoliopsida,Rosales,Cannabaceae,Celtis,Celtis africana,,,TZ
Trema chichilea (Planch.) Blume,Plantae,Tracheophyta,Magnoliopsida,Rosales,Cannabaceae,Trema,Trema micrantha,1816,1855,"PE, BR"
Ampelocera macrocarpa Forero & A.H.Gentry,Plantae,Tracheophyta,Magnoliopsida,Rosales,Cannabaceae,Ampelocera,Ampelocera macrocarpa,1927,2021,"CR, VE, PA, CO, NI, HN"
Celtis fengqingensis Hu ex E.W.Ma,Plantae,Tracheophyta,Magnoliopsida,Rosales,Cannabaceae,Celtis,Celtis tetrandra,1938,1938,CN
Sponia angustifolia (Lindl.) Planch.,Plantae,Tracheophyta,Magnoliopsida,Rosales,Cannabaceae,Trema,Trema angustifolia,,,MY
Celtis opegrapha Planch.,Plantae,Tracheophyta,Magnoliopsida,Rosales,Cannabaceae,Celtis,Celtis africana,,,ZA
Celtis laevigata subsp. reticulata (Torr.) A.E.Murray,Plantae,Tracheophyta,Magnoliopsida,Rosales,Cannabaceae,Celtis,Celtis laevigata,1983,2015,US